Category;Subcategory;Item;Remarks;Quantity for deployment;Quantity trainingweekend;Status trainingweekend;Status Lebanon - proposal 2020;Source;Where to buy;Price each;Dangerous good;Expiring;"Weight 
[kg]";Where to keep during deployment;Current location;QTY;;;;;;;;;;;;;;;;;;;;;;;;
Camping and living;Camp accessoires;Red/white marking tape;50 m each, min. 200 m;4;2;Ready;Ready;;https://www.gamma.nl/assortiment/afzetlint-rood-wit-50-meter/p/B348418;5;No;No;;;Warehouse Mijdrecht;1;;;;;;;;;;;;;;;;;;;;;;;;
Camping and living;Camp accessoires;Fence pole - set of 2;Trekking poles? With 'foot' legs, put weight on to stabilize?;3;6;Ready;Ready;Black Diamont Black Trail Hiking sticks (set);https://www.bever.nl/p/black-diamond-trail-black-wandelstok-NEAAC90036.html?colour=4133;70;No;No;0;;Warehouse Mijdrecht;3;;;;;;;;;;;;;;;;;;;;;;;;
Camping and living;Camp accessoires;Fence;Roll with thin (orange) sheep fence?;;;;;;;;;;;;;;;;;;;;;;;;;;;;;;;;;;;;;
Camping and living;Camp accessoires;RN flag;;;;;;;;;;;;;;;;;;;;;;;;;;;;;;;;;;;;;;
Camping and living;Camp accessoires;Fire extinguisher;Airline-safe like ISAR has!;3;1;Ready;;Pentamax;Ruben Windecker knows;430;No;No;;;;;;;;;;;;;;;;;;;;;;;;;;;;
Camping and living;Camp accessoires;Fire extinguisher filler;;3;2;Ready;;iFoam or Prevento;Ruben Windecker knows;100;No;Yes;;;;;;;;;;;;;;;;;;;;;;;;;;;;
Camping and living;Camp accessoires;Fire blanket;For cooking etc, alternative to extinguisher;2;;;;;;;No;No;;;;;;;;;;;;;;;;;;;;;;;;;;;;
Camping and living;Camp accessoires;Long pole;For flag, lighting, radio base antenna. To be fixed to tents;;;;;;;;;;;;;;;;;;;;;;;;;;;;;;;;;;;;;
Camping and living;Furniture;Chair for members;Stool, Many, also for stretcher & desks. 12 (basecamp) or 6 (3 desks) + 3 (staff) + 2 (stretcher);16;12;Ready;Can be bought;Bocamp 'stool';https://team-outdoors.nl/bo-camp-urban-outdoor-krukje-croydon-taupe.html;18;No;No;1;;Warehouse Mijdrecht;9;;;;;;;;;;;;;;;;;;;;;;;;
Camping and living;Furniture;Chair for patient / doctor;With high backrest, option 1. Change feet: wider. + make cleanable textile.;2;2;Ordered;Can be bought?;Helinox Sunset Chair R1 - black-blue;https://www.bever.nl/p/helinox-sunset-chair-r1-stoel-MCAEC80043.html?colour=4143;150;No;No;1;;;;;;;;;;;;;;;;;;;;;;;;;;;
Camping and living;Furniture;Cleanable cover for chair for patient;;2;;;;;"https://www.esvocampingshop.com/nl/zeildoek-430-gr-m-pvc-gecoat-doek-bisonyl-met-nerf-150-cm-wit/
https://www.esvocampingshop.com/nl/naaigaren-polyester-amann-serabond-wit/";;;;;;;;;;;;;;;;;;;;;;;;;;;;;;;
Camping and living;Furniture;Chair for patient / doctor;With high backrest, option 2;;;;;Bocamp vouwstoel;;;;;;;;;;;;;;;;;;;;;;;;;;;;;;;;
Camping and living;Furniture;Shelves / closets;"E.g. hanging shelves or flexible storage compartments
For medical supplies, team equipment, etc";;1;Ready;;;;;;;;;;;;;;;;;;;;;;;;;;;;;;;;;;
Camping and living;Furniture;Desk;"1 x treatment area, 1 x triage / admin area, 1 x control, 1 x staff room
trainingweekend: 2 stools + luggage straps + 400x600 box lid.";10;X;Ready;;;;;;;;;;;;;;;;;;;;;;;;;;;;;;;;;;
Camping and living;Kitchen;Pot set;2 x 2 liters, fits in each other, with grip and lid;1;2;Ready;Ready;Primus Essential 2.3 set;https://www.kampeerwereld.nl/primus-essential-pot-set-2.3l-pannenset-p740300/;50;No;No;1;;;;;;;;;;;;;;;;;;;;;;;;;;;
Camping and living;Kitchen;Pot gripper;;1;2;Ready;Ready;Primus Crimp Pot Gripper;https://www.kampeerwereld.nl/primus-crimp-pot-gripper-pannengreepp740400/;23;No;No;0;;;;;;;;;;;;;;;;;;;;;;;;;;;
Camping and living;Kitchen;Electric kettle 4.2 L;;;;;;;https://www.horecaworld.biz/elektrische-waterkoker-4-2-l-waterkoker-h-29-x-23-4-x-34-cm-hendi-209998;42;;;;;Warehouse Mijdrecht;2;;;;;;;;;;;;;;;;;;;;;;;;
Camping and living;Kitchen;Stove floor / rise (fireproof);1 included in Stove. Alternative: on table top or digging a hole in the ground / grass with the shovel;;2;Ready;;All-dek;;;;;;;;;;;;;;;;;;;;;;;;;;;;;;;;
Camping and living;Kitchen;Fuel container - foldable;Same as fuel container for generator. To be transported with generator and stored in box.;1;;;;;;;Yes;No;1;In leak-free box;;;;;;;;;;;;;;;;;;;;;;;;;;
Camping and living;Kitchen;Fuel container - hard case;Same as fuel container for generator. To be transported with generator and stored in box.;1;;;Ready;5L Jerrycan;https://www.jerrycanshop.nl/jerrycans/op-inhoud/5-liter-jerrycans/5-liter-stapelbare-jerrycan-met-un-blauw.html;5;Yes;No;1;In leak-free box;Warehouse Mijdrecht;1;;;;;;;;;;;;;;;;;;;;;;;;
Camping and living;Kitchen;Plastic zip-loc bags for food left-overs;3 liter sizes?;;;;;;;;;;;;;;;;;;;;;;;;;;;;;;;;;;;;;
Camping and living;Kitchen;Plastic plates;;;;;;;;;;;;;;;;;;;;;;;;;;;;;;;;;;;;;;
Camping and living;Kitchen;Coffee filter holder #2 foldable;;;;;;Bo-Camp coffee filter holder;https://www.outdoorxl.nl/bo-camp-koffiefilterhouder-siliconen-opvouwbaar.html;7;;;;;;;;;;;;;;;;;;;;;;;;;;;;;;
Camping and living;Kitchen;Washing bowls;;2;2;Ready;;Ortlieb Folding Bowl 10 liters;TCK Sports;15;;;;;Warehouse Mijdrecht;3;;;;;;;;;;;;;;;;;;;;;;;;
Camping and living;Lighting;LED floodlight 200 lumen;USB powered with internal li-ion battery;10;4;Ready;Ready;Fenix CL20R Lamp;https://www.bever.nl/p/fenix-cl20r-lamp-MDABC90042.html?colour=736;40;No;No;0;;;;;;;;;;;;;;;;;;;;;;;;;;;
Camping and living;Lighting;LED floodlight 5000+ lumen;Needed: trainingweekendtest 35W LED, that was okay.;;;;;;;;;;;;;;;;;;;;;;;;;;;;;;;;;;;;;
Camping and living;Lighting;LED floodlight stand;;;;;;;;;;;;;;;;;;;;;;;;;;;;;;;;;;;;;;
Camping and living;Shelter;Ground anchor part 1: water / sand bag;;4;;;;Ortlieb 35 liters water bag;https://www.bever.nl/p/ortlieb-pd350-bagagezak-35l-NACAC22024.html?colour=1517; € 	23,00 ;;;0;;;;;;;;;;;;;;;;;;;;;;;;;;;
Camping and living;Shelter;Rope;Minimum strength: 150 kg. Colored / reflecting, non stretching, non slippery (for creating knots);200;200;Ready;Ready;Paracord.eu;https://www.paracord.nl/paracord/paracord-type-ii/paracord-type-ii-reflectable-colors/reflectable-white-paracord-type-ii;1;No;No;;;Warehouse Mijdrecht;1;;;;;;;;;;;;;;;;;;;;;;;;
Camping and living;Shelter;Tarp 3x3 or 4 x 6 meter;Cuben fiber sheet? Sunprotection! Also as ground sheet;2;2;Ready;Ready;DD SuperLight Tarp 3 x 2,9 Olive Green;https://www.paracord.nl/outdoor-reis/tarps-dd-hammocks/dd-superlight-range/dd-superlight-tarp-olive-green;92;No;Slow;0;;;;;;;;;;;;;;;;;;;;;;;;;;;
Camping and living;Shelter;Pole for tarp;;2;;;;"MSR Adjustable pole 8""";https://www.zwerfkei.nl/product/msr-8-adjustable-pole?q=msr%20adj;55;No;No;0;;;;;;;;;;;;;;;;;;;;;;;;;;;
Camping and living;Shelter;Pole for tarp;Make stickers with folding instructions;1;4;Ready;1 Ready, more can be bought;Mostert telescopic pole 250 cm;http://www.original-mostert.com/?newlanguage=nl;50;No;No;1;;Warehouse Mijdrecht;3;;;;;;;;;;;;;;;;;;;;;;;;
Camping and living;Shelter;Ground sheet 3x3 or 4x6 meter;Same as tarp?;;;;Can be bought: strong ground floor;;Bouwmarkt;;No;Slow;;;;;;;;;;;;;;;;;;;;;;;;;;;;
Camping and living;Shelter;Ground pin - rock;;8;X;Ready;Ready;;https://www.bever.nl/p/mostert-haring-rotspen-e-MABDA62001.html?colour=5806;3;No;No;0;;;;;;;;;;;;;;;;;;;;;;;;;;;
Camping and living;Shelter;Ground pin - general purpose;;18;X;Ready;Ready;;https://www.bever.nl/p/msr-groundhog-haring-6-stuks-MABBC60003.html?colour=1438;3;No;No;0;;;;;;;;;;;;;;;;;;;;;;;;;;;
Spares for staff;Shelter;2 person tent;Spare for members and usable for mobile clinic as backup for accidental staying overnight;2;;;;MSR Hubba Hubba 2 person;;;No;No;2;;;;;;;;;;;;;;;;;;;;;;;;;;;
Camping and living;Shelter;Tent 3x3 meter lightweight;"Cuben fiber sheet, carbon fiber poles, modular?
Ability to mount lighting, hanging shelves / closets, outside long pole, etc
Top, sides, floor";;;;;;;;No;Slow;6;;;;;;;;;;;;;;;;;;;;;;;;;;;
Camping and living;Shelter;Comparting panel;;;;;;;;;;;;;;;;;;;;;;;;;;;;;;;;;;;;;;
Camping and living;Shelter;Mosquito nets;Impregnated;;;;;;;;;;0;;;;;;;;;;;;;;;;;;;;;;;;;;;
Camping and living;Shelter;Ground anchor part 2: attachement net / ropes;;;;;;;;;;;;;;;;;;;;;;;;;;;;;;;;;;;;;;
Camping and living;Shelter;Rope acc. e.g. fasteners, tensioners;;20;;;Ready;;;;No;No;;;;;;;;;;;;;;;;;;;;;;;;;;;;
Hygiene;Cleaning equipment;Bucket;;;1;Ready;Can be bought;;Karwei;3;;;;;;;;;;;;;;;;;;;;;;;;;;;;;;
Hygiene;Cleaning equipment;Mop;;;1;Ready;Can be bought;;Supermarkt;;;;;;;;;;;;;;;;;;;;;;;;;;;;;;;
Hygiene;Cleaning equipment;Broom head;;;;;;;;;;;;;Warehouse Mijdrecht;;;;;;;;;;;;;;;;;;;;;;;;;
Hygiene;Cleaning equipment;Detergent;;;1;Ready;Can be bought;;Supermarkt;;;;;;Warehouse Mijdrecht;3;;;;;;;;;;;;;;;;;;;;;;;;
Hygiene;Cleaning equipment;Disposable wipes;;;1;Ready;Can be bought;;Supermarkt;;;;;;;;;;;;;;;;;;;;;;;;;;;;;;;
Hygiene;Cleaning equipment;Wipes;;;;;;;;;;;;;Warehouse Mijdrecht;17;;;;;;;;;;;;;;;;;;;;;;;;
Hygiene;Cleaning equipment;Blood spill kit;;;;;;https://www.amazon.co.uk/Biohazard-Blood-Spill-Clean-Pack/dp/B0098IYPGU;;;;;;;;;;;;;;;;;;;;;;;;;;;;;;;;
Hygiene;Cleaning equipment;Rubber gloves;;;1;;Can be bought;;Supermarkt;;;;;;Warehouse Mijdrecht;2;;;;;;;;;;;;;;;;;;;;;;;;
Hygiene;Cleaning equipment;Rubber boots;;;;;;;;;;;;;;;;;;;;;;;;;;;;;;;;;;;;;;
Hygiene;Cleaning equipment;(Alcohol) disinfecting wipes;;;1;Ready;Can be bought?;;Supermarkt / drogist;;;;;;Warehouse Mijdrecht;60;;;;;;;;;;;;;;;;;;;;;;;;
Hygiene;Cleaning equipment;Washing bowls 5L;;;;;;;;;;;;;Warehouse Mijdrecht;4;;;;;;;;;;;;;;;;;;;;;;;;
Hygiene;Cleaning equipment;Laundry washing bowls;;;2;Ready;;Ortlieb folding Bowl - 50L;TCK Sports;;;;;;;;;;;;;;;;;;;;;;;;;;;;;;;
Hygiene;Showers;Shower housing;1 for mobile clinic?, 1 for base camp. Same as toilet housing;1;1;Build;Ready;;https://www.decathlon.nl/p/douchehokje-2seconds-voor-kamperen/_/R-p-13336?mc=8300695;40;;;;;;;;;;;;;;;;;;;;;;;;;;;;;;
Hygiene;Showers;Pole for shower housing;Same as pole for tarp: Mostert;;;;;;;50;;;;;;;;;;;;;;;;;;;;;;;;;;;;;;
Hygiene;Showers;Shower bag;;2;2;Ready;Ready;;https://www.decathlon.nl/p/compacte-campingdouche-van-10-l-voor-kamperen-en-trekking-sea-to-summit/_/R-p-X8129316?mc=8129316;20;No;No;0;;;;;;;;;;;;;;;;;;;;;;;;;;;
Hygiene;Showers;Footpump for shower bag;;;;;;;;;;;;;;;;;;;;;;;;;;;;;;;;;;;;;;
Hygiene;Showers;Shower hose / head;;;;;;;;;;;;;;;;;;;;;;;;;;;;;;;;;;;;;;
Hygiene;Showers;Floor bassin;;;;;;;;;;;;;;;;;;;;;;;;;;;;;;;;;;;;;;
Hygiene;Showers;Shower head / hose fastening;;;2;Build;;;;;;;;;;;;;;;;;;;;;;;;;;;;;;;;;;
Hygiene;Showers;Drainage piping;;;;;;;;;;;;;;;;;;;;;;;;;;;;;;;;;;;;;;
Hygiene;Showers;Drainage grease filter;;;;;;;;;;;;;;;;;;;;;;;;;;;;;;;;;;;;;;
Hygiene;Showers;Shower spunges;;;;;Can be bought;;Supermarkt;;;;;;;;;;;;;;;;;;;;;;;;;;;;;;;
Hygiene;Sinks;Hose;;;;;;;;;;;;;;;;;;;;;;;;;;;;;;;;;;;;;;
Hygiene;Sinks;Sink;;;1;R&D ***;;Ortlieb folding Bowl + Obelink drain + 19 / 25 mm hose + folding jerrycan;TCK Sports;;;;;;;;;;;;;;;;;;;;;;;;;;;;;;;
Hygiene;Sinks;Sink stop;For washing clothes etc?;;;;;;;;;;;;;;;;;;;;;;;;;;;;;;;;;;;;;
Hygiene;Sinks;Hand soap dispenser;;;3;Ready;;;;;;;;;Warehouse Mijdrecht;3;;;;;;;;;;;;;;;;;;;;;;;;
Hygiene;Sinks;Hand soap dispenser bracket;Connected to sink;;;R&D;;Tie-wrap?;;;;;;;;;;;;;;;;;;;;;;;;;;;;;;;;
Hygiene;Sinks;Sink stand;;;;;;;;;;;;;;;;;;;;;;;;;;;;;;;;;;;;;;
Hygiene;Handwashing;Hand sanitizer;;;;;;;;;;;;;Warehouse Mijdrecht;3;;;;;;;;;;;;;;;;;;;;;;;;
Hygiene;Toilets;Toilet housing - improved;1 for mobile clinic, 1 for base camp;1;2;Build;;;https://www.decathlon.nl/p/douchehokje-2seconds-voor-kamperen/_/R-p-13336?mc=8300695;40;No;No;2;;;;;;;;;;;;;;;;;;;;;;;;;;;
Hygiene;Showers;Pole for shower housing;Same as pole for tarp: Mostert;;;;;;;50;;;;;;;;;;;;;;;;;;;;;;;;;;;;;;
Hygiene;Toilets;Toilet housing - standard;1 for mobile clinic, 1 for base camp;1;2;Ready;Ready;;https://www.decathlon.nl/p/douchehokje-2seconds-voor-kamperen/_/R-p-13336?mc=8300695;40;No;No;2;;Warehouse Mijdrecht;3;;;;;;;;;;;;;;;;;;;;;;;;
Hygiene;Toilets;Toilet seat;;;1;Ready;;;https://ecosave.com/shop/droogtoilet/droogtoilet-rescue-25/;75;;;;;;;;;;;;;;;;;;;;;;;;;;;;;;
Hygiene;Toilets;Chemical dry bag - pooping;If possible biodegradable bags for burying?;15;30;Ready;Ready;;https://www.amazon.com/Cleanwaste-Toilet-Bag-DIY-pack/dp/B009A6VM1G;1;No;No;;;;;;;;;;;;;;;;;;;;;;;;;;;;
Hygiene;Toilets;Chemical dry bag - pooping;;;48;Ready;;;https://www.obelink.nl/carebag-toiletzakken.html;1;;;;;;;;;;;;;;;;;;;;;;;;;;;;;;
Hygiene;Toilets;Chemical dry bag - peeing;If possible biodegradable bags for burying?;10;40;Ready;Ready;;https://www.amazon.com/AWOKEN-Disposable-Emergency-Portable-Children/dp/B07CQXQ9JZ/ref=sr_1_9?keywords=disposable+urinal+bags&qid=1566547201&s=gateway&sr=8-9;1;No;No;;;;;;;;;;;;;;;;;;;;;;;;;;;;
Hygiene;Toilets;Chemical dry bag - combined;Biodegradable, bury afterwards;;X;;;PeePoo;http://www.peepoople.com/;;;;;;;;;;;;;;;;;;;;;;;;;;;;;;;
Hygiene;Toilets;Toilet seat - bucket;Bucket;2;7;Ready;Ready;10L Seau - Clean Home emmer;Karwei;2;No;No;;;Warehouse Mijdrecht;6;;;;;;;;;;;;;;;;;;;;;;;;
Hygiene;Toilets;Toilet seat;;;;;;;;;;;;;;;;;;;;;;;;;;;;;;;;;;;;;;
Hygiene;Toilets;Toilet paper / tissues;;;X;Ready;Can be bought;;Supermarkt;;No;No;;;Warehouse Mijdrecht;800;;;;;;;;;;;;;;;;;;;;;;;;
Medical;Cold Chain system;Cooler - large;For storage of vaccines;2;1;Ready;;Peli Credo 4L Promed;Peli.com;600;No;;;;Warehouse Mijdrecht;1;;;;;;;;;;;;;;;;;;;;;;;;
Medical;Cold Chain system;Cooler - large - demo model;;;;;;;;;;;;;;;;;;;;;;;;;;;;;;;;;;;;;;
Medical;Cold Chain system;Cold packs set - general;PCM 4 deg C;4;;;;Peli Credo 4L Promed TIC panels;Peli.com;138;Yes;;;;Warehouse Mijdrecht;1;;;;;;;;;;;;;;;;;;;;;;;;
Medical;Cold Chain system;Cold packs set - large extra set;PCM 4 deg C;2;?;;;;;;;;;;;;;;;;;;;;;;;;;;;;;;;;;;;
Medical;Cold Chain system;Fridge;For refreezing cold packs, check power system, preferably USB / 12V;2;1;Ready;Ready;Dometic CF-16;https://www.koelbox4you.nl/product/dometic-coolfreeze-cf-16/;465;No;No;10;;Warehouse Mijdrecht;1;;;;;;;;;;;;;;;;;;;;;;;;
Medical;Cold Chain system;Fridge Fuse AC: F4L250V;Fast blowing, 4A, 250V, glass 5x20 mm ;5;;;;;;;;;;;;;;;;;;;;;;;;;;;;;;;;;;;;
Medical;Cold Chain system;Fridge Fuse DC: 8A car;8A, plastic 6.3x25 mm;5;;;;;;;;;;;;;;;;;;;;;;;;;;;;;;;;;;;;
Medical;Cold Chain system;Set adapter cables, converter plug (see power items );12V female socket -> wires;2;X;Check if fits with solarpanels;Ready;;;;;;;;;;;;;;;;;;;;;;;;;;;;;;;;;
Medical;Cold Chain system;Cooler - small;For vaccines daily use in mobile clinic;2;1;Ready;Ready;Esbit Thermos;;;No;;;;;;;;;;;;;;;;;;;;;;;;;;;;;
Medical;Cold Chain system;Cold packs set - cooler specific;PCM fitting in cooler;2;;;;;;;;;;;;;;;;;;;;;;;;;;;;;;;;;;;;
Medical;Cold Chain system;Temperature data logger;;;2;Ready;;Tempmate M1;https://www.dataloggers.shop/Tempmate-M1-datalogger;37;;;;;Warehouse Mijdrecht;2;;;;;;;;;;;;;;;;;;;;;;;;
Medical;Cold Chain system;Temperature data logger - external sensor;To measure temp inside with display outside cooler;;1;Ready;;Tempmate M1 - external sensor;https://www.dataloggers.shop/Tempmate-M1-datalogger;22;;;;;Warehouse Mijdrecht;1;;;;;;;;;;;;;;;;;;;;;;;;
Medical;Medical systems;Strecher;Can double as examining table?;;1;Ready;;Ferno Tri-fold stretcher;Vandeputte medical;599;;;;;Warehouse Mijdrecht;;;;;;;;;;;;;;;;;;;;;;;;;
Medical;Medical systems;Strecher - Fastrap spider;;;1;Ready;;Ferno Tri-fold stretcher;Vandeputte medical;277;;;;;Warehouse Mijdrecht;;;;;;;;;;;;;;;;;;;;;;;;;
Medical;Medical systems;Strecher - shipping costs;;;1;Ready;;Ferno Tri-fold stretcher;Vandeputte medical;240;;;;;;;;;;;;;;;;;;;;;;;;;;;;;;
Medical;Medical systems;Strecher - legs;;;1;Ready;;;;;;;;;;;;;;;;;;;;;;;;;;;;;;;;;;
Medical;Medical systems;CAIRE – Sequal Saros oxygen system;;;;;;;;;Yes;;;;;;;;;;;;;;;;;;;;;;;;;;;;;
Medical;Medical systems;Oxygen bottle;Empty for travel, refill locally?;2;;;;;;;Yes;;;;;;;;;;;;;;;;;;;;;;;;;;;;;
Medical;Medical systems;Oxygen concentrator;;1;;;;;;;;;;;;;;;;;;;;;;;;;;;;;;;;;;;;
Medical;Medical systems;Oxygen bottle filler;;1;;;;;;;;;;;;;;;;;;;;;;;;;;;;;;;;;;;;
Medical;Treatment area;Picture dictionary;;;;;;;;;;;;;;;;;;;;;;;;;;;;;;;;;;;;;;
Medical;Triage area;Reception desk with storage;Desk for many locations: reception, treatment, isolation, pharmacy, office, team meeting area, etc. See funriture;;;;;;;;;;;;;;;;;;;;;;;;;;;;;;;;;;;;;
Medical;Triage area;Picture dictionary;;;;;;;;;;;;;;;;;;;;;;;;;;;;;;;;;;;;;;
Medical;Triage area;Chair;1 for staff, x for waiting patients, see furniture;;;;;;;;;;;;;;;;;;;;;;;;;;;;;;;;;;;;;
Power;Power distribution;Power strip;"4+ sockets, which type sockets? International, 110V & 220V. 
Earthed, 16A. 1 included in radio set";4;2;Ready;Can be bought;;Bouwmarkt;;;;;;;;;;;;;;;;;;;;;;;;;;;;;;;
Power;Power distribution;Extension cord;10 meters, earthed, 16A, which type sockets?;3;1;Ready;Can be bought;;Bouwmarkt;;;;;;;;;;;;;;;;;;;;;;;;;;;;;;;
Power;Power distribution;Power plug converter;1 included in radio set, 2 in fridges;4;;;;Skross 1302535 Reisstekker PRO World & USB;https://www.conrad.nl/p/skross-1302535-reisstekker-pro-world-usb-1558533;40;;;0;;;;;;;;;;;;;;;;;;;;;;;;;;;
Power;Power distribution;USB multiport charger;6+ ports, 2.4A minimum. Maybe also for radios?;2;;;;;;;;;;;;;;;;;;;;;;;;;;;;;;;;;;;;
Power;Power distribution;USB splitter;From powerbank to multiple USB outlets? 2.4A min;;;;;;;;;;;;;;;;;;;;;;;;;;;;;;;;;;;;;
Power;Power generation;Generator petrol 2.2 kW;;;1;Borrow Boels - Lysette;;Honda EU22i;https://www.bostools.nl/aggregaten/inverter-aggregaten/honda-eu22i-inverter-benzine-generator;1689;Yes;No;21;;;;;;;;;;;;;;;;;;;;;;;;;;;
Power;Power generation;Fuel container;20 liters;;;;;Desert Fox Overland 20 liter Fuel Cell;https://desertfox.eu/collections/fuel-cells/products/xtreme-20l-fuel-cell;115;Yes;No;1;;;;;;;;;;;;;;;;;;;;;;;;;;;
Power;Power generation;Fuel pump;;1;1;Ready;Ready;https://www.jerrycanshop.nl/hevelpomp-39-centimeter-voor-jerrycan.html;;6;Yes;No;;;;;;;;;;;;;;;;;;;;;;;;;;;;
Power;Power generation;Solar panel large: 80 Wp 18 V;More in the future, depending on RN needs;2;2;Ready;Ready;Giaride 80W;https://www.amazon.de/GIARIDE-Solarladeger%C3%A4t-Sunpower-Tragbare-Ladeger%C3%A4t-18V80W/dp/B072KD4XCD/ref=sr_1_2?__mk_nl_NL=%C3%85M%C3%85%C5%BD%C3%95%C3%91&keywords=GIARIDE+18V+80W&qid=1565897012&s=gateway&sr=8-2;170;No;No;2;;;;;;;;;;;;;;;;;;;;;;;;;;;
Power;Power generation;Solar panel small;1 included in Sat phone set;;;;;;;;;;;;;;;;;;;;;;;;;;;;;;;;;;;;;
Power;Power storage;AA batteries;Alkaline;20;;Ready;Can be bought;Duracell Power Plus;Supermarkt / bouwmarkt;1;No;Yes;;;Warehouse Mijdrecht;8;;;;;;;;;;;;;;;;;;;;;;;;
Power;Power storage;AAA batteries;Alkaline;20;;Ready;Can be bought;Duracell Power Plus;Supermarkt / bouwmarkt;1;No;Yes;;;Warehouse Mijdrecht;8;;;;;;;;;;;;;;;;;;;;;;;;
Power;Power storage;Powerbank high capacity - Li-ion;"13-20V in, USB in, 12-24V out, USB out
For radios, printer, laptop, etc.
< 100Wh";3;3;Ready;Ready;XT Power 20.000;https://www.xtpower.de/XT-20000QC3-PowerBank-modern-DC-/-USB-battery-with-20100mAh-5V-12V-to-24V;70;Yes: Li-ion batteries;Yes;0;;;;;;;;;;;;;;;;;;;;;;;;;;;
Power;Power storage;Powerbank accessoires set;Incl fuses F15L230V - 6x30 mm;;;;Ready;F15L250V 6x30mm;https://nl.farnell.com/littelfuse/0312015-mxp/fuse-6-3x32mm-fast-acting-15a/dp/1596713;;;;;;;;;;;;;;;;;;;;;;;;;;;;;;;
Power;Power storage;AA batteries;;20;;;;Energizer Ultimate;;2;Yes;No;;;;;;;;;;;;;;;;;;;;;;;;;;;;
Power;Power storage;AAA batteries;Lithium;20;;;;Energizer Ultimate;;2;Yes;No;;;;;;;;;;;;;;;;;;;;;;;;;;;;
SAR;Body retrieval;Body retrieval gloves;;12;;;;;;;;;;;;;;;;;;;;;;;;;;;;;;;;;;;;
SAR;Body retrieval;Disposable coveralls ;;40;;;;;;;;;;;;;;;;;;;;;;;;;;;;;;;;;;;;
SAR;Body retrieval;Body retrieval respirator;;;;;;;;;;;;;;;;;;;;;;;;;;;;;;;;;;;;;;
SAR;PPE;Climbing rope;;;;;;;;;;;;;Warehouse Mijdrecht;1;;;;;;;;;;;;;;;;;;;;;;;;
Spares for staff;Personal hygiene;Shower / hand / clothes soap;;;;;Can be bought;;Supermarkt;;;;;;;;;;;;;;;;;;;;;;;;;;;;;;;
Spares for staff;Personal hygiene;Wet wipes - box;;2;;;Can be bought;;Supermarkt;;;;;;;;;;;;;;;;;;;;;;;;;;;;;;;
Spares for staff;Personal hygiene;Sunblock;;;;;Can be bought;;Supermarkt;;;;;;;;;;;;;;;;;;;;;;;;;;;;;;;
Spares for staff;Personal hygiene;Bug repellent;;;;;Can be bought;;Supermarkt?;;;;;;;;;;;;;;;;;;;;;;;;;;;;;;;
Spares for staff;Personal hygiene;Soap: for clothes, body, hair, dishes;;;;;;;;;;;;;;;;;;;;;;;;;;;;;;;;;;;;;;
Spares for staff;Personal hygiene;Permethrin spray cans / mosquito repellent;for staff use;2;;;;;;;Yes;;;;;;;;;;;;;;;;;;;;;;;;;;;;;
Spares for staff;PPE;Disposable respirator N95;;25;;;;;;;;;;;;;;;;;;;;;;;;;;;;;;;;;;;;
Team office & general;Communication and navigation;Radio multicharger 12V;;2;;;;;;;;;;Base camp;;;;;;;;;;;;;;;;;;;;;;;;;;
Team office & general;Communication and navigation;Radio full set;Batteries expire in ~7 years. full set;1;X;Ready;Ready;;;;Yes: Li-ion batteries;Slow;15;Base camp;;;;;;;;;;;;;;;;;;;;;;;;;;
Team office & general;Communication and navigation;Radio incl battery;Batteries expire in ~7 years.;4;;;;;;;Yes: Li-ion batteries;Slow;0;Base camp;;;;;;;;;;;;;;;;;;;;;;;;;;
Team office & general;Communication and navigation;Radio charger 220V;No 110V charging??;4;;;;;;;;;0;Base camp;;;;;;;;;;;;;;;;;;;;;;;;;;
Team office & general;Communication and navigation;Radio spare battery;Batteries expire in ~7 years. ;4;;;;;;;Yes: Li-ion batteries;Slow;0;Base camp;;;;;;;;;;;;;;;;;;;;;;;;;;
Team office & general;Communication and navigation;Radio mic;;4;;;;;;;;;;Base camp;;;;;;;;;;;;;;;;;;;;;;;;;;
Team office & general;Communication and navigation;Radio accessorie size bag / suitcase;;;X;Ready;;;;;;;;Base camp;;;;;;;;;;;;;;;;;;;;;;;;;;
Team office & general;Communication and navigation;Emergency beacon;combined with GPS unit?;2;;;;;;;No;No;;Base camp;;;;;;;;;;;;;;;;;;;;;;;;;;
Team office & general;Communication and navigation;Battery safe bags;Like used for LiPo batteries, fits 3;4;;;;;;;Yes: Li-ion batteries;No;0;Base camp;;;;;;;;;;;;;;;;;;;;;;;;;;
Team office & general;Communication and navigation;Battery safe hardcase;Like used for LiPo batteries, fits 6;2;;;;;;;Yes: Li-ion batteries;No;;Base camp;;;;;;;;;;;;;;;;;;;;;;;;;;
Team office & general;Communication and navigation;Compass;;1;;;;;;;No;No;;Go-bag teamleader;;;;;;;;;;;;;;;;;;;;;;;;;;
Team office & general;Communication and navigation;Radio USB charging cable;;8;X;Ready;;;https://www.amazon.de/dp/B07GYLC229/ref=pe_3044161_185740101_TE_item;8;No;No;;Base camp;;;;;;;;;;;;;;;;;;;;;;;;;;
Team office & general;Communication and navigation;Sat phone set;Full set;3;X;Ready;Ready;;;;;;;Base camp;;;;;;;;;;;;;;;;;;;;;;;;;;
Team office & general;Communication and navigation;BGAN Broadband satellite communication set;"Or Iridium Go,  	
IsatHub - Global WiFi Hotspot";;;;;;;;;;;Base camp;;;;;;;;;;;;;;;;;;;;;;;;;;
Team office & general;Communication and navigation;GPS unit;combined with emergency beacon?;;;;;;;;;;;Base camp;;;;;;;;;;;;;;;;;;;;;;;;;;
Team office & general;Office;Laptop set: Windows 10, 13 inch screen;1 included in radio set. With DVD?;;X;Ready;Ready;;;;;;;;;;;;;;;;;;;;;;;;;;;;;;;;;
Team office & general;Office;All-in-one printer + scanner;;1;;;;;;;No;No;3;;;;;;;;;;;;;;;;;;;;;;;;;;;
Team office & general;Office;Printer;Power over USB;1;;;;;;;No;No;2;;;;;;;;;;;;;;;;;;;;;;;;;;;
Team office & general;Office;Whiteboard foil: 60x80 cm sheets;1 roll = 25 sheets;1;X;Ready;Ready;Legamaster - magic-chart - whiteboard - folie - 60x80cm - wit - 25 vel;https://www.bol.com/nl/p/legamaster-magic-chart-whiteboard-folie-60x80cm-wit-25-vel/9200000040215739/?suggestionType=browse&bltgh=myRbDOMwzvsDvglxEjJI6A.1.3.ProductTitle;24;No;No;;;;;;;;;;;;;;;;;;;;;;;;;;;;
Team office & general;Office;Printer cartridge set;;2;;;;;;;No;Yes;;;;;;;;;;;;;;;;;;;;;;;;;;;;
Team office & general;Office;RN Business cards - blank;Including space for sat phone number, radio channel info, etc.;100;;;;;;;No;No;;;;;;;;;;;;;;;;;;;;;;;;;;;;
Team office & general;Office;Whiteboard Marker - different colors;Pref. whiteboard, in case we can find a whiteboard around;6;X;Ready;Ready;;;;No;No;;;;;;;;;;;;;;;;;;;;;;;;;;;;
Team office & general;Office;Pen;;6;X;Ready;;;;;;;;;;;;;;;;;;;;;;;;;;;;;;;;;;
Team office & general;Office;Notebook;;3;X;Ready;;;;;;;;;;;;;;;;;;;;;;;;;;;;;;;;;;
Team office & general;Office;A4 / letter size printer paper - pack 500 sheets;;1;X;Ready;Ready;;;;No;No;;;;;;;;;;;;;;;;;;;;;;;;;;;;
Team office & general;Office;Patient record forms;;500;X;Ready;;;;;No;No;;;;;;;;;;;;;;;;;;;;;;;;;;;;
Team office & general;Office;Stapler;;1;X;Ready;Ready;;;;No;No;;;;;;;;;;;;;;;;;;;;;;;;;;;;
Team office & general;Office;A4 size paper plastic sheets;;50;X;Ready;Ready;;;;No;No;;;;;;;;;;;;;;;;;;;;;;;;;;;;
Team office & general;Office;Clipboard;;2;X;Ready;Ready;;;;No;No;;;Warehouse Mijdrecht;1;;;;;;;;;;;;;;;;;;;;;;;;
Team office & general;Office;Hanging organizer;;1;X;Ready;Ready;;https://www.obelink.nl/hang-organizer-10-vakken.html?gclid=EAIaIQobChMIkqDao4yH5AIVCM53Ch29SgnHEAYYAiABEgJOWfD_BwE#product-tab-productbeschrijving;6;No;No;1;;;;;;;;;;;;;;;;;;;;;;;;;;;
Team office & general;Office;Tablet;;;;;;;;;;;;;;;;;;;;;;;;;;;;;;;;;;;;;;
Team office & general;Office;Tablet protection cover;;;;;;;;;;;;;;;;;;;;;;;;;;;;;;;;;;;;;;
Team office & general;Signs;Handwashing sign;include symbol + space for local translation;;X;Build - Lysette;Can be printed;Wash EMT Key Materials;;;;;;;;;;;;;;;;;;;;;;;;;;;;;;;;
Team office & general;Signs;Welcome / entrance sign;include symbol + space for local translation;;X;Build - Lysette;Can be printed;;;;;;;;;;;;;;;;;;;;;;;;;;;;;;;;;
Team office & general;Signs;Treatment sign;include symbol + space for local translation;;X;Build - Lysette;Can be printed;;;;;;;;;;;;;;;;;;;;;;;;;;;;;;;;;
Team office & general;Signs;Pharmacy sign;include symbol + space for local translation;;X;Build - Lysette;Can be printed;;;;;;;;;;;;;;;;;;;;;;;;;;;;;;;;;
Team office & general;Signs;Registration sign;include symbol + space for local translation;;X;Build - Lysette;Can be printed;;;;;;;;;;;;;;;;;;;;;;;;;;;;;;;;;
Team office & general;Signs;Triage sign;include symbol + space for local translation;;;;;;;;;;;;;;;;;;;;;;;;;;;;;;;;;;;;;
Team office & general;Signs;Isolation;include symbol + space for local translation;;;;;;;;;;;;;;;;;;;;;;;;;;;;;;;;;;;;;
Team office & general;Signs;Toilet sign;include symbol + space for local translation;;X;Build - Lysette;Can be printed;;;;;;;;;;;;;;;;;;;;;;;;;;;;;;;;;
Team office & general;Signs;Waiting area sign;include symbol + space for local translation;;;;;;;;;;;;;;;;;;;;;;;;;;;;;;;;;;;;;
Team office & general;Signs;Wash / sink sign;include symbol + space for local translation;;X;Build - Lysette;Can be printed;;;;;;;;;;;;;;;;;;;;;;;;;;;;;;;;;
Team office & general;Signs;Arrow sign;include symbol + space for local translation;;;;;;;;;;;;;;;;;;;;;;;;;;;;;;;;;;;;;
Team office & general;Signs;Exit sign;include symbol + space for local translation;;X;Build - Lysette;Can be printed;;;;;;;;;;;;;;;;;;;;;;;;;;;;;;;;;
Team office & general;Signs;RescueNet Info / contact details / rules sign;include symbol + space for local translation;;X;Ready;Can be printed;;;;;;;;;;;;;;;;;;;;;;;;;;;;;;;;;
Team office & general;Signs;Staff only sign;include symbol + space for local translation;;X;Build - Lysette;Can be printed;;;;;;;;;;;;;;;;;;;;;;;;;;;;;;;;;
Team office & general;Signs;All different SOPs;include symbol + space for local translation;;;;;;;;;;;;;;;;;;;;;;;;;;;;;;;;;;;;;
Team office & general;Signs;PPE donning;include symbol + space for local translation;;;;;;;;;;;;;;;;;;;;;;;;;;;;;;;;;;;;;
Team office & general;Signs;PPE doffing;include symbol + space for local translation;;;;;;;;;;;;;;;;;;;;;;;;;;;;;;;;;;;;;
Team office & general;Signs;No Weapons;include symbol + space for local translation;;;;;;;;;;;;;;;;;;;;;;;;;;;;;;;;;;;;;
Team office & general;Tools;Shovel foldable - small;;1;1;Ready;Ready;SOG Entrenching tool;https://www.knivesandtools.nl/nl/pt/-sog-entrenching-tool-f08-n-vouwschep.htm;20;No;No;1;;Warehouse Mijdrecht;;;;;;;;;;;;;;;;;;;;;;;;;
Team office & general;Tools;Shovel foldable - large;;;;;;;;;;;;;Warehouse Mijdrecht;;;;;;;;;;;;;;;;;;;;;;;;;
Team office & general;Tools;Shovel wood;;;;;;;;;;;;;Warehouse Mijdrecht;;;;;;;;;;;;;;;;;;;;;;;;;
Team office & general;Tools;Multitool axe, crowbar, hammer, type 2;;1;1;Ready;Ready;5.11 Operator axe;https://www.knivesandtools.nl/nl/pt/-5-11-operator-bijl-zwart.htm;180;No;No;1;;Warehouse Mijdrecht;;;;;;;;;;;;;;;;;;;;;;;;;
Team office & general;Tools;Saw foldable;;1;1;Ready;Ready;Gerber Freescape camp;https://www.knivesandtools.nl/nl/pt/-gerber-freescape-camp-opvouwbare-zaag.htm;60;No;No;0;;Warehouse Mijdrecht;;;;;;;;;;;;;;;;;;;;;;;;;
Team office & general;Tools;Multitool axe, crowbar, type 1;foldable?;;;;;Paratech Buster;;;No;No;6;;;;;;;;;;;;;;;;;;;;;;;;;;;
Team office & general;Tools;Duct tape;;6;2;Ready;Ready;;;;No;No;;Base camp, Mobile Clinic;Warehouse Mijdrecht;;;;;;;;;;;;;;;;;;;;;;;;;
Team office & general;Tools;Toolbox or bag;;1;1;To be sorted;Can be arranged;;;;No;No;;;;;;;;;;;;;;;;;;;;;;;;;;;;
Team office & general;Tools;General rope;e.g. clotheslines;;;;Ready;;;;No;No;;;;;;;;;;;;;;;;;;;;;;;;;;;;
Team office & general;Tools;Carabiner, non-climbing;;;;;Ready;;;;No;No;;;Warehouse Mijdrecht;5;;;;;;;;;;;;;;;;;;;;;;;;
Team office & general;Tools;Tie-wraps;;;;;;;;;;;;;Warehouse Mijdrecht;;;;;;;;;;;;;;;;;;;;;;;;;
Team office & general;Staff management;(velcro) sign in / out board;;;;;;;;;;;;;;;;;;;;;;;;;;;;;;;;;;;;;;
Transport;Containers;Backpack;Backpacks might be easier to transport than suitcases, use the same as medical bags? Front loader. Option 2;1;2;Ready;Ready;Fjällraven Abisko 65W;https://www.fjallraven.com/eu/nl-nl/tassen-uitrusting/rugzakken-en-tassen/trekking-rugzakken?Volume=65+l;270;;;;;;;;;;;;;;;;;;;;;;;;;;;;;;
Transport;Containers;Medical bags;Open folding backpack-style bags, same backpack;2;1;Arrive from Grace;;Conterra ALS Extreme;https://www.conterra-inc.com/products/als-extreme-pack?_pos=1&_sid=4173458c4&_ss=r;400;;;;;Warehouse Mijdrecht;2;;;;;;;;6;;;;;;;;;;;;;;;;
Transport;Containers;General purpose boxes;"Multipurpose, e.g. storage, table, chair.
Click-fix turn into trailer?";2;X;Ready;"2 Ready (Gert Jan), 3 packed with trainingmaterial (Heidebeek)
";Eurokrat 38NG full, half and quarter sizes;https://www.kruizinga.nl/stapelbak+kunststof/stapelbaar/38-ng/nieuw/38-ng64-32-s/;17;;;;;;;;;;;;;;;;;;;;;;;;;;;;;;
Transport;Containers;Small medical bags, indexing big medical bags;For storing all sorts of medical equipment, medication, etc. Clear tops, can be organized in the bigger medical bags.;;;;;;;;;;;;;;;;;;;;;;;;;;;;;;;;;;;;;
Transport;Transport accessoires;Rachet tie;For stacking boxes etc. 6 meter, Orange;;6;Ready;Can be bought;;https://www.spanbandenopmaat.nl/products/Spanband-25mm-1%2C5T-eindloos.html;2;;;;;;;;;;;;;;;;;;;;;;;;;;;;;;
Transport;Transport accessoires;Luggage strap;For closing boxes, doubling for desk. 2 meter, Blue;;16;Ready;;;https://www.spanbandenopmaat.nl/products/Bagagegordel-25mm-350kg-.html;5;;;;;;;;;;;;;;;;;;;;;;;;;;;;;;
Transport;Transport accessoires;Cargo net;;;;;;;;;;;;;;;;;;;;;;;;;;;;;;;;;;;;;;
Waste;Waste collection;Pedal bin;foldable Ortlieb bucket -> higher?;;;Ready;;;;;;;;;;;;;;;;;;;;;;;;;;;;;;;;;;
Waste;Waste collection;Medications waste bags;BLUE color;;;;?;;;;;;;;;;;;;;;;;;;;;;;;;;;;;;;;;
Waste;Waste collection;Seals for waste bags;;;;;?;;;;;;;;;;;;;;;;;;;;;;;;;;;;;;;;;
Waste;Waste collection;Contaminated waste bags;YELLOW color - autoclavable?;;50;Ready;?;;https://www.amazon.nl/gp/product/B00O15FUAA/ref=ox_sc_act_title_1?smid=A17D2BRD4YMT0X&psc=1;0;;;;;;;;;;;;;;;;;;;;;;;;;;;;;;
Waste;Waste collection;Foldable multi-opening sharps containers;RED color;;X;Build;?;;;;;;;;;;;;;;;;;;;;;;;;;;;;;;;;;
Waste;Waste collection;Storage box for rubbish bags;1 per waste category? Prevent animals / children to touch the collected waste;;;;Re-use transport box;;;;;;;;;;;;;;;;;;;;;;;;;;;;;;;;;
Waste;Waste collection;Heavy duty general rubbish bags;10 liters? BLACK color;25;;;Can be bought;;Supermarkt;;;;;;;;;;;;;;;;;;;;;;;;;;;;;;;
Waste;Waste treatment;Autoclave;;1;?;;;;;;;;;;;;;;;;;;;;;;;;;;;;;;;;;;;
Waste;Waste treatment;Concrete;For burial of medication, sharps;;;Ready;Can be bought;;Bouwmarkt;;;;;;Warehouse Mijdrecht;1;;;;;;;;;;;;;;;;;;;;;;;;
Water;Safe water distribution - Basecamp;Expansion tank;"20-30 liters, to start providing water when required
Bladder possible?";;;;;;;;;;;;;;;;;;;;;;;;;;;;;;;;;;;;;
Water;Safe water distribution - Basecamp;Safe water bladder stand;E.g. 1 meter high, to provide pressure for distribution;;;;;;;;;;;;;;;;;;;;;;;;;;;;;;;;;;;;;
Water;Safe water distribution - Basecamp;Safe water pump;"Household shower: 1.5 bar / 20 psi, 7 liters/minute
Blubag small pump: 12V, 5A, 45 psi, 11 liters/minute";;;;;Blubag small pump;http://www.blubag.com.au/products/blubag-accessories/;;;;;;;;;;;;;;;;;;;;;;;;;;;;;;;
Water;Safe water distribution - Basecamp;Safe water tap;;;;;;;;;;;;;;;;;;;;;;;;;;;;;;;;;;;;;;
Water;Safe water distribution - Basecamp;Safe water tap connector / stand;;;;;;;;;;;;;;;;;;;;;;;;;;;;;;;;;;;;;;
Water;Safe water distribution - Basecamp;Safe water valve;Foot- or hand operated;;;;;;;;;;;;;;;;;;;;;;;;;;;;;;;;;;;;;
Water;Safe water distribution - Basecamp;Hoses and connectors;;;;;;;;;;;;;;;;;;;;;;;;;;;;;;;;;;;;;;
Water;Safe water distribution - Mobile clinic;Safe water tap;;;X;R&D ***;;;;;;;;;;;;;;;;;;;;;;;;;;;;;;;;;;
Water;Safe water distribution - Mobile clinic;Safe water tap connector / stand;Combine with sink;;X;R&D ***;;;;;;;;;;;;;;;;;;;;;;;;;;;;;;;;;;
Water;Safe water distribution - Mobile clinic;Safe water valve / pump;Foot operated;;4;Ready;;Whale GP4618 babyfoot MK2;https://www.nauticashop.nl/whale-drinkwatersystemen/56484-gp4618-whale-voetpomp-babyfoot-galley-766478461803.html;39;;;;;;;;;;;;;;;;;;;;;;;;;;;;;;
Water;Safe water distribution - Mobile clinic;Filter out hose D8 x 40 mm;;;;;;;https://smoldersbv.nl/gas-lucht-en-watertechniek/slangen/voedsel-slangen/vitryl-siliconenslang/;;;;;;;;;;;;;;;;;;;;;;;;;;;;;;;
Water;Safe water distribution - Mobile clinic;Adapter D8 - D12;;;;;;;https://smoldersbv.nl/gas-lucht-en-watertechniek/slangkoppelingen/slangverbinders/normaplast-polyamide-verloopstuk-2x-slangtule/;;;;;;;;;;;;;;;;;;;;;;;;;;;;;;;
Water;Safe water distribution - Mobile clinic;Hose 1 D13 x 500? - pump to T adapter;;;;;;;https://smoldersbv.nl/gas-lucht-en-watertechniek/slangen/waterslangen/profiline-aqua-drinkwaterslang/;;;;;;;;;;;;;;;;;;;;;;;;;;;;;;;
Water;Safe water distribution - Mobile clinic;T adapter D12;Alt. https://smoldersbv.nl/gas-lucht-en-watertechniek/slangkoppelingen/slangverbinders/normaplast-polyamide-y-stuk-3x-slangtule/;;;;;;https://smoldersbv.nl/gas-lucht-en-watertechniek/slangkoppelingen/slangverbinders/normaplast-polyamide-t-stuk-90-3x-slangtule/;;;;;;;;;;;;;;;;;;;;;;;;;;;;;;;
Water;Safe water distribution - Mobile clinic;Hose 2 D13 x 100? - T adapter to water bladder;;;;;;;https://smoldersbv.nl/gas-lucht-en-watertechniek/slangen/waterslangen/profiline-aqua-drinkwaterslang/;;;;;;;;;;;;;;;;;;;;;;;;;;;;;;;
Water;Safe water distribution - Mobile clinic;Hose 3 D13 x 300? - T adapter to water punp;;;;;;;https://smoldersbv.nl/gas-lucht-en-watertechniek/slangen/waterslangen/profiline-aqua-drinkwaterslang/;;;;;;;;;;;;;;;;;;;;;;;;;;;;;;;
Water;Safe water distribution - Mobile clinic;Hose 4 D13 x 1250? - Water pump to tap;;;;;;;https://smoldersbv.nl/gas-lucht-en-watertechniek/slangen/waterslangen/profiline-aqua-drinkwaterslang/;;;;;;;;;;;;;;;;;;;;;;;;;;;;;;;
Water;Safe water storage - Basecamp;Safe water bladder;1000 liters;2;;;;;;;;;"0,8
1";;;;;;;;;;;;;;;;;;;;;;;;;;;
Water;Safe water storage - Mobile clinic;Safe water bladder;;;4;Ready;;Ortlieb water-bag 10L;TCK Sports;17;;;;;;;;;;;;;;;;;;;;;;;;;;;;;;
Water;Water;Bottled water;as backup in case there is no water available. 5 liter per team member?;;;;;;;;;;;Mobile clinic;;;;;;;;;;;;;;;;;;;;;;;;;;
Water;Water treatment - Basecamp;Water fillter motor / pump;For MSR Guardian ;;;;;;;;;;;;;;;;;;;;;;;;;;;;;;;;;;;;;
Water;Water treatment - Basecamp;Water filter set;"From suction from source to filter to UV light, 3.8 liters / min.
12V, 3A, no battery
Incl replacement parts";;;;;https://www.aqua-sun-intl.com/responder-a-word.html;;;No;Slow;20;;;;;;;;;;;;;;;;;;;;;;;;;;;
Water;Water treatment - Basecamp;Onion tank;1000 liters - 2 full days capacity;4;;;;"http://biabint.se/product/collapsible-onion-water-tank/
http://www.molatank.com/china-mola_tank_500l_10_000l_pillow_water_tank_onion_water_storage_tank_pvc_open_top_water_tank-7696324.html
https://www.zwerfkei.nl/product/ortlieb-wasbekken-met-greep";;;;;"7,5
6,5";;;;;;;;;;;;;;;;;;;;;;;;;;;
Water;Water treatment - Basecamp;Turbidity tube / testing;;1;;;;;https://www.butylproducts.co.uk/product/turbidity-tube/;;;;0;;;;;;;;;;;;;;;;;;;;;;;;;;;
Water;Water treatment - Basecamp;Raw water pump;"Mains, battery or HUMAN powered? 
GREY / YELLOW color";;;;;;;;;;;;;;;;;;;;;;;;;;;;;;;;;;;;;
Water;Water treatment - Basecamp;Raw water hose + connectors;GREY / YELLOW color;;;;;;;;;;;;;;;;;;;;;;;;;;;;;;;;;;;;;
Water;Water treatment - Basecamp;Raw water intake filter / foot valve;GREY / YELLOW color;;;;;;;;;;;;;;;;;;;;;;;;;;;;;;;;;;;;;
Water;Water treatment - Basecamp;Multiple water tester;For NO2/Fe/SO4, conductivity/pH/temp;;;;;Hanna Instruments;;;;;;;;;;;;;;;;;;;;;;;;;;;;;;;;
Water;Water treatment - Basecamp;Jar 1 liter;;5;;;;;;;;;;;;;;;;;;;;;;;;;;;;;;;;;;;;
Water;Water treatment - Basecamp;Digital scale;;;;;;;;;;;;;;;;;;;;;;;;;;;;;;;;;;;;;;
Water;Water treatment - Basecamp;Stirrer;;5;;;;;;;;;;;;;;;;;;;;;;;;;;;;;;;;;;;;
Water;Water treatment - Basecamp;AlSO4 tank;;;;;;;;;;;;;;;;;;;;;;;;;;;;;;;;;;;;;;
Water;Water treatment - Basecamp;Control valve for AlSO4 tank;;;;;;;;;;;;;;;;;;;;;;;;;;;;;;;;;;;;;;
Water;Water treatment - Basecamp;T junction for AlSO4 tank;;;;;;;;;;;;;;;;;;;;;;;;;;;;;;;;;;;;;;
Water;Water treatment - Basecamp;Elbow inlet tube;;;;;;;;;;;;;;;;;;;;;;;;;;;;;;;;;;;;;;
Water;Water treatment - Basecamp;Onion tank stand;E.g. 3 meters high;;;;;;;;;;;;;;;;;;;;;;;;;;;;;;;;;;;;;
Water;Water treatment - Basecamp;Pre-treated water hose + connectors;;;;;;;;;;;;;;;;;;;;;;;;;;;;;;;;;;;;;;
Water;Water treatment - Basecamp;Water filter pump;If onion tank is NOT on tank stand;;;;;;;;;;;;;;;;;;;;;;;;;;;;;;;;;;;;;
Water;Water treatment - Basecamp;Post-treated chlorine addition tank;;;;;;;;;;;;;;;;;;;;;;;;;;;;;;;;;;;;;;
Water;Water treatment - Basecamp;NaOCl powder;;;;;;;;;;;;;;;;;;;;;;;;;;;;;;;;;;;;;;
Water;Water treatment - Basecamp;Venturi tube / valve for chlorine tank;;;;;;;;;;;;;;;;;;;;;;;;;;;;;;;;;;;;;;
Water;Water treatment - Basecamp;Jar 10 liter;Smaller possible?;;;;;;;;;;;;;;;;;;;;;;;;;;;;;;;;;;;;;
Water;Water treatment - Basecamp;Pool tester strip;;;;;;;;;;;;;;;;;;;;;;;;;;;;;;;;;;;;;;
Water;Water treatment - Basecamp;Safe water hose + connector;;;;;;;;;;;;;;;;;;;;;;;;;;;;;;;;;;;;;;
Water;Water treatment - Mobile clinic;Water filter - option 2;;10;1;Ready;1 Available, but is also required for testing waterfilter setup at Gert Jan's place. Open for discussion.;MSR Guardian;CJ importeur;370;;;;;;;;;;;;;;;;;;;;;;;;;;;;;;
Water;Water treatment - Mobile clinic;Water filter - replacement filter;;10;;;;;;;;;;;;;;;;;;;;;;;;;;;;;;;;;;;;
Water;Water treatment - Mobile clinic;Setup 1: feed-in elbow D8;;;;;;8 mm;;;;;;;;;;;;;;;;;;;;;;;;;;;;;;;;
Water;Water treatment - Mobile clinic;Setup 1: feed-in hoses D8. 2 x 40 mm;;;;;;;https://smoldersbv.nl/gas-lucht-en-watertechniek/slangen/voedsel-slangen/vitryl-siliconenslang/;;;;;;;;;;;;;;;;;;;;;;;;;;;;;;;
Water;Water treatment - Mobile clinic;Setup 1: feed-in adapter D8 - D10 mm;;;;;;;https://smoldersbv.nl/gas-lucht-en-watertechniek/slangkoppelingen/slangverbinders/normaplast-polyamide-verloopstuk-2x-slangtule/;;;;;;;;;;;;;;;;;;;;;;;;;;;;;;;
Water;Water treatment - Mobile clinic;Setup 1: feed-in hose D10. 1 x 40 mm;;;;;;;https://smoldersbv.nl/gas-lucht-en-watertechniek/slangen/voedsel-slangen/vitryl-siliconenslang/;;;;;;;;;;;;;;;;;;;;;;;;;;;;;;;
Water;Water treatment - Mobile clinic;Setup 2: feed-in adapter D6 - D10;;;;;;;https://smoldersbv.nl/gas-lucht-en-watertechniek/slangkoppelingen/slangverbinders/normaplast-polyamide-verloopstuk-2x-slangtule/;;;;;;;;;;;;;;;;;;;;;;;;;;;;;;;
Water;Water treatment - Mobile clinic;Setup 2: feed-in hose D10. 1 x 1250 mm? - shorter for less friction & weight?;;;;;;;https://smoldersbv.nl/gas-lucht-en-watertechniek/slangen/voedsel-slangen/vitryl-siliconenslang/;;;;;;;;;;;;;;;;;;;;;;;;;;;;;;;
Water;Water treatment - Mobile clinic;Setup 2: return hose D5. 1 x 1250? - shorter for less friction & weight;;;;;;;https://smoldersbv.nl/gas-lucht-en-watertechniek/slangen/voedsel-slangen/cristallo-transparante-slang/;;;;;;;;;;;;;;;;;;;;;;;;;;;;;;;
Water;Water treatment - Mobile clinic;Chlorine addition?;0.5 - 1 mg/L FRC (free residual chlorine);;;;;;;;;;;;;;;;;;;;;;;;;;;;;;;;;;;;;
Water;Water treatment - Mobile clinic;Chlorine pump hose: D3/7 mm?;;;;;;Alt. https://smoldersbv.nl/gas-lucht-en-watertechniek/slangen/voedsel-slangen/cristallo-transparante-slang/;https://smoldersbv.nl/gas-lucht-en-watertechniek/slangen/voedsel-slangen/vitryl-siliconenslang/;;;;;;;;;;;;;;;;;;;;;;;;;;;;;;;
Water;Water treatment - Mobile clinic;T adapter D8 - D4/3?;;;;;;;https://smoldersbv.nl/gas-lucht-en-watertechniek/slangkoppelingen/slangverbinders/normaplast-polyamide-verloop-t-stuk-90-3x-slangtule/;;;;;;;;;;;;;;;;;;;;;;;;;;;;;;;
Water;Water treatment - Mobile clinic;Adapter D3 - D4/8?;;;;;;;https://smoldersbv.nl/gas-lucht-en-watertechniek/slangkoppelingen/slangverbinders/normaplast-polyamide-verloopstuk-2x-slangtule/;;;;;;;;;;;;;;;;;;;;;;;;;;;;;;;
Water;Water treatment - Mobile clinic;Setup 2: feed-in hose D6 x 40 mm;;;;;;;https://smoldersbv.nl/gas-lucht-en-watertechniek/slangen/voedsel-slangen/vitryl-siliconenslang/;;;;;;;;;;;;;;;;;;;;;;;;;;;;;;;
Water;Water distribution;Disposable cups for patients;;;;;;;;;;;;;;;;;;;;;;;;;;;;;;;;;;;;;;
Medical supplies;PPE;Gloves, large box;box;10;;;;;;;;;;;;;;;;;;;;;;;;;;;;;;;;;;;;
Medical supplies;PPE;Gloves, medium box;box;10;;;;;;;;;;;;;;;;;;;;;;;;;;;;;;;;;;;;
Medical supplies;PPE;Gloves, small box;box;6;;;;;;;;;;;;;;;;;;;;;;;;;;;;;;;;;;;;
Medical supplies;PPE;Gloves, extra-large box;box;10;;;;;;;;;;;;;;;;;;;;;;;;;;;;;;;;;;;;
Medical supplies;PPE;Gloves, sterile 6.5;single set;10;;;;;;;;;;;;;;;;;;;;;;;;;;;;;;;;;;;;
Medical supplies;PPE;Gloves, sterile 7;single set;10;;;;;;;;;;;;;;;;;;;;;;;;;;;;;;;;;;;;
Medical supplies;PPE;Gloves, sterile 7.5;single set;10;;;;;;;;;;;;;;;;;;;;;;;;;;;;;;;;;;;;
Medical supplies;PPE;Gloves, sterile 8;single set;10;;;;;;;;;;;;;;;;;;;;;;;;;;;;;;;;;;;;
Medical supplies;PPE;Eye protection, goggles;unit;10;;;;;;;;;;;;;;;;;;;;;;;;;;;;;;;;;;;;
Medical supplies;PPE;Surgical mask with face protection;unit;30;;;;;;;;;;;;;;;;;;;;;;;;;;;;;;;;;;;;
Medical supplies;PPE;N95 Mask (regular);unit;10;;;;;;;;;;;;;;;;;;;;;;;;;;;;;;;;;;;;
Medical supplies;PPE;N95 Mask (small);unit;10;;;;;;;;;;;;;;;;;;;;;;;;;;;;;;;;;;;;
Medical supplies;PPE;Non-sterile yellow cover gowns;unit;40;;;;;;;;;;;;;;;;;;;;;;;;;;;;;;;;;;;;
Medical supplies;PPE;Personal Hand Alcohol Based Hand Sanitizer;unit;10;;;;;;;;;;;;;;;;;;;;;;;;;;;;;;;;;;;;
Medical supplies;PPE;Baby Wipes (box);unit;5;;;;;;;;;;;;;;;;;;;;;;;;;;;;;;;;;;;;
Medical supplies;Waste and cleaning;Biohazard Waste Bags;unit;10;;;;;;;;;;;;;;;;;;;;;;;;;;;;;;;;;;;;
Medical supplies;Waste and cleaning;Disposable surgical drapes;unit;5;;;;;;;;;;;;;;;;;;;;;;;;;;;;;;;;;;;;
Medical supplies;Waste and cleaning;Germicidal disposal wipes (canister);canister;20;;;;;;;;;;;;;;;;;;;;;;;;;;;;;;;;;;;;
Medical supplies;Waste and cleaning;Chlorine tabs (for disinfection);tab;30;;;;;;;;;;;;;;;;;;;;;;;;;;;;;;;;;;;;
Medical supplies;Diagnostics;Thermometer;unit;5;;;;;;;;;;;;;;;;;;;;;;;;;;;;;;;;;;;;
Medical supplies;Diagnostics;Thermometer covers;250/box;4;;;;;;;;;;;;;;;;;;;;;;;;;;;;;;;;;;;;
Medical supplies;Diagnostics;BP cuff, pediatric;unit;4;;;;;;;;;;;;;;;;;;;;;;;;;;;;;;;;;;;;
Medical supplies;Diagnostics;BP cuff, adult;unit;4;;;;;;;;;;;;;;;;;;;;;;;;;;;;;;;;;;;;
Medical supplies;Diagnostics;Pulse oximeter;unit;4;;;;;;;;;;;;;;;;;;;;;;;;;;;;;;;;;;;;
Medical supplies;Diagnostics;Otoscope/Ophthalmoscope;unit;2;;;;;;;;;;;;;;;;;;;;;;;;;;;;;;;;;;;;
Medical supplies;Diagnostics;Batteries for oto-ophthalmoscope (2 packs);pack;4;;;;;;;;;;;;;;;;;;;;;;;;;;;;;;;;;;;;
Medical supplies;Diagnostics;Glucometer;unit;2;;;;;;;;;;;;;;;;;;;;;;;;;;;;;;;;;;;;
Medical supplies;Diagnostics;Glucometer Test Strips (Box of 50);box;4;;;;;;;;;;;;;;;;;;;;;;;;;;;;;;;;;;;;
Medical supplies;Diagnostics;Glucometer Lancets (Box of 100);box;2;;;;;;;;;;;;;;;;;;;;;;;;;;;;;;;;;;;;
Medical supplies;Diagnostics;Hemocult card (Box of 50);box;1;;;;;;;;;;;;;;;;;;;;;;;;;;;;;;;;;;;;
Medical supplies;HEMORRHAGE CONTROL;Hemostatic Gauze;unit;2;;;;;;;;;;;;;;;;;;;;;;;;;;;;;;;;;;;;
Medical supplies;HEMORRHAGE CONTROL;SOFTT-W Tourniquet;unit;10;;;;;;;;;;;;;;;;;;;;;;;;;;;;;;;;;;;;
Medical supplies;Wound care;Bandage, elastic, 7.5 cm x 5 m, roll;unit;5;;;;;;;;;;;;;;;;;;;;;;;;;;;;;;;;;;;;
Medical supplies;Wound care;Gauze, sterile 4 x 4 cm;packet;10;;;;;;;;;;;;;;;;;;;;;;;;;;;;;;;;;;;;
Medical supplies;Wound care;Gauze, nonsterile 4 x 4 (50 per pack);pack;5;;;;;;;;;;;;;;;;;;;;;;;;;;;;;;;;;;;;
Medical supplies;Wound care;Gauze, nonsterile 2 x 2 (50 per pack);pack;5;;;;;;;;;;;;;;;;;;;;;;;;;;;;;;;;;;;;
Medical supplies;Wound care;Bandage, gauze, 8 cm x 4 m, roll;unit;50;;;;;;;;;;;;;;;;;;;;;;;;;;;;;;;;;;;;
Medical supplies;Wound care;Compress, gauze, 10 cm x 10 cm;unit;50;;;;;;;;;;;;;;;;;;;;;;;;;;;;;;;;;;;;
Medical supplies;Wound care;Suture Sets (needle holder, forceps, suture scissors);unit;10;;;;;;;;;;;;;;;;;;;;;;;;;;;;;;;;;;;;
Medical supplies;Wound care;Sutures - Polysorb or Vicry, 4-0;unit;20;;;;;;;;;;;;;;;;;;;;;;;;;;;;;;;;;;;;
Medical supplies;Wound care;Sutures - Monosoft 5-0;unit;5;;;;;;;;;;;;;;;;;;;;;;;;;;;;;;;;;;;;
Medical supplies;Wound care;Sutures - Prolene 3-0;unit;20;;;;;;;;;;;;;;;;;;;;;;;;;;;;;;;;;;;;
Medical supplies;Wound care;Suture Removal Kit;unit;10;;;;;;;;;;;;;;;;;;;;;;;;;;;;;;;;;;;;
Medical supplies;Wound care;Staplers (small size);unit;10;;;;;;;;;;;;;;;;;;;;;;;;;;;;;;;;;;;;
Medical supplies;Wound care;Staple remover;unit;5;;;;;;;;;;;;;;;;;;;;;;;;;;;;;;;;;;;;
Medical supplies;Wound care;Steristrips;unit;25;;;;;;;;;;;;;;;;;;;;;;;;;;;;;;;;;;;;
Medical supplies;Wound care;Skin Adhesive Dermabond;unit;10;;;;;;;;;;;;;;;;;;;;;;;;;;;;;;;;;;;;
Medical supplies;Wound care;Incision and Drainage Kit (#11 scalpel, curved hemostat, gauze);unit;10;;;;;;;;;;;;;;;;;;;;;;;;;;;;;;;;;;;;
Medical supplies;Wound care;Betadine 8oz bottle;bottle;5;;;;;;;;;;;;;;;;;;;;;;;;;;;;;;;;;;;;
Medical supplies;Wound care;Chlorhexidine individual brush set;unit;10;;;;;;;;;;;;;;;;;;;;;;;;;;;;;;;;;;;;
Medical supplies;Wound care;Blade/Knife 11;box;1;;;;;;;;;;;;;;;;;;;;;;;;;;;;;;;;;;;;
Medical supplies;Wound care;Blade/Knife 10;box;1;;;;;;;;;;;;;;;;;;;;;;;;;;;;;;;;;;;;
Medical supplies;Wound care;Iodoform wound packing 1/2 inch;bottle;1;;;;;;;;;;;;;;;;;;;;;;;;;;;;;;;;;;;;
Medical supplies;Wound care;Silk tape (white);roll;10;;;;;;;;;;;;;;;;;;;;;;;;;;;;;;;;;;;;
Medical supplies;Wound care;Syringe 60 cc;unit;10;;;;;;;;;;;;;;;;;;;;;;;;;;;;;;;;;;;;
Medical supplies;Wound care;Splash guard;unit;10;;;;;;;;;;;;;;;;;;;;;;;;;;;;;;;;;;;;
Medical supplies;Wound care;Liquid adhesive (3cc vials);vial;20;;;;;;;;;;;;;;;;;;;;;;;;;;;;;;;;;;;;
Medical supplies;Wound care;Lubricated jelly (small packet);packet;20;;;;;;;;;;;;;;;;;;;;;;;;;;;;;;;;;;;;
Medical supplies;Wound care;Isopropyl alcohol 1pint bottle;bottle;1;;;;;;;;;;;;;;;;;;;;;;;;;;;;;;;;;;;;
Medical supplies;Wound care;Tape, clear;roll;20;;;;;;;;;;;;;;;;;;;;;;;;;;;;;;;;;;;;
Medical supplies;Gi / Gu;Urine collecting bag, 2L;unit;2;;;;;;;;;;;;;;;;;;;;;;;;;;;;;;;;;;;;
Medical supplies;Gi / Gu;Foley catheter 18F;unit;5;;;;;;;;;;;;;;;;;;;;;;;;;;;;;;;;;;;;
Medical supplies;Gi / Gu;Pregnancy tests;bottle (50 testing strips/ bottle);2;;;;;;;;;;;;;;;;;;;;;;;;;;;;;;;;;;;;
Medical supplies;Gi / Gu;Urine dipsticks;bottle;5;;;;;;;;;;;;;;;;;;;;;;;;;;;;;;;;;;;;
Medical supplies;Gi / Gu;Urine collecting cup;cup;100;;;;;;;;;;;;;;;;;;;;;;;;;;;;;;;;;;;;
Medical supplies;Gi / Gu;Doptone;unit;1;;;;;;;;;;;;;;;;;;;;;;;;;;;;;;;;;;;;
Medical supplies;Gi / Gu;Measuring Tape;unit;5;;;;;;;;;;;;;;;;;;;;;;;;;;;;;;;;;;;;
Medical supplies;Gi / Gu;NG Tube;unit;2;;;;;;;;;;;;;;;;;;;;;;;;;;;;;;;;;;;;
Medical supplies;Heent / Dental;Merocel Nasal Tampon;unit;5;;;;;;;;;;;;;;;;;;;;;;;;;;;;;;;;;;;;
Medical supplies;Heent / Dental;Ear wick;unit;5;;;;;;;;;;;;;;;;;;;;;;;;;;;;;;;;;;;;
Medical supplies;Heent / Dental;Eye shield/patch;unit;5;;;;;;;;;;;;;;;;;;;;;;;;;;;;;;;;;;;;
Medical supplies;Heent / Dental;Cotton tip swab (box);box;2;;;;;;;;;;;;;;;;;;;;;;;;;;;;;;;;;;;;
Medical supplies;Heent / Dental;Tongue Depressors (box);box;2;;;;;;;;;;;;;;;;;;;;;;;;;;;;;;;;;;;;
Medical supplies;Heent / Dental;Morgan Lense;unit;2;;;;;;;;;;;;;;;;;;;;;;;;;;;;;;;;;;;;
Medical supplies;Heent / Dental;Silver Nitrate;container;1;;;;;;;;;;;;;;;;;;;;;;;;;;;;;;;;;;;;
Medical supplies;Trauma;Pelvic Binder;unit;1;;;;;;;;;;;;;;;;;;;;;;;;;;;;;;;;;;;;
Medical supplies;Trauma;Triage Tags (SALT);unit;100;;;;;;;;;;;;;;;;;;;;;;;;;;;;;;;;;;;;
Medical supplies;Trauma;Ace wrap, 4 inch;unit;20;;;;;;;;;;;;;;;;;;;;;;;;;;;;;;;;;;;;
Medical supplies;Trauma;Kerlex 4 x 4 - 1/8;unit;5;;;;;;;;;;;;;;;;;;;;;;;;;;;;;;;;;;;;
Medical supplies;Trauma;"Abdomen Pads (8""x10"")";unit;10;;;;;;;;;;;;;;;;;;;;;;;;;;;;;;;;;;;;
Medical supplies;Trauma;Coban;unit;5;;;;;;;;;;;;;;;;;;;;;;;;;;;;;;;;;;;;
Medical supplies;Trauma;Xerform;unit;10;;;;;;;;;;;;;;;;;;;;;;;;;;;;;;;;;;;;
Medical supplies;Trauma;Cautery cordless, disposable;unit;1;;;;;;;;;;;;;;;;;;;;;;;;;;;;;;;;;;;;
Medical supplies;Trauma;Sam Splint Standard;unit;10;;;;;;;;;;;;;;;;;;;;;;;;;;;;;;;;;;;;
Medical supplies;Trauma;Triangle Bandage;unit;10;;;;;;;;;;;;;;;;;;;;;;;;;;;;;;;;;;;;
Medical supplies;Trauma;Ambu Perfit ACE Adjustable C-Collar Adult;c-collar;10;;;;;;;;;;;;;;;;;;;;;;;;;;;;;;;;;;;;
Medical supplies;Trauma;Ambu Perfit ACE Adjustable C-Collar Pediatric;c-collar;10;;;;;;;;;;;;;;;;;;;;;;;;;;;;;;;;;;;;
Medical supplies;Trauma;"Ortho Glass 3 (3""x15')";box;1;;;;;;;;;;;;;;;;;;;;;;;;;;;;;;;;;;;;
Medical supplies;Trauma;"Ortho Glass 5 (5""x15')";box;1;;;;;;;;;;;;;;;;;;;;;;;;;;;;;;;;;;;;
Medical supplies;Trauma;Sam Splints (large);unit;10;;;;;;;;;;;;;;;;;;;;;;;;;;;;;;;;;;;;
Medical supplies;Trauma;Speed Splints;unit;2;;;;;;;;;;;;;;;;;;;;;;;;;;;;;;;;;;;;
Medical supplies;Trauma;Crutches;set;4;;;;;;;;;;;;;;;;;;;;;;;;;;;;;;;;;;;;
Medical supplies;Pulmonology;MDI Spacer;unit;20;;;;;;;;;;;;;;;;;;;;;;;;;;;;;;;;;;;;
Medical supplies;Pulmonology;OPA size 0 infant;OPA;5;;;;;;;;;;;;;;;;;;;;;;;;;;;;;;;;;;;;
Medical supplies;Pulmonology;OPA size 1 pediatric;OPA;5;;;;;;;;;;;;;;;;;;;;;;;;;;;;;;;;;;;;
Medical supplies;Pulmonology;OPA size 2 small adult;OPA;5;;;;;;;;;;;;;;;;;;;;;;;;;;;;;;;;;;;;
Medical supplies;Pulmonology;OPA size 3 medium adult;OPA;5;;;;;;;;;;;;;;;;;;;;;;;;;;;;;;;;;;;;
Medical supplies;Pulmonology;OPA size 4 adult;OPA;5;;;;;;;;;;;;;;;;;;;;;;;;;;;;;;;;;;;;
Medical supplies;Pulmonology;OPA size 5 large adult;OPA;5;;;;;;;;;;;;;;;;;;;;;;;;;;;;;;;;;;;;
Medical supplies;Pulmonology;NPA 20 Fr;NPA;5;;;;;;;;;;;;;;;;;;;;;;;;;;;;;;;;;;;;
Medical supplies;Pulmonology;NPA 24 Fr;NPA;5;;;;;;;;;;;;;;;;;;;;;;;;;;;;;;;;;;;;
Medical supplies;Pulmonology;NPA 28 Fr;NPA;5;;;;;;;;;;;;;;;;;;;;;;;;;;;;;;;;;;;;
Medical supplies;Pulmonology;NPA 32 Fr;NPA;5;;;;;;;;;;;;;;;;;;;;;;;;;;;;;;;;;;;;
Medical supplies;Pulmonology;NPA 34 Fr;NPA;10;;;;;;;;;;;;;;;;;;;;;;;;;;;;;;;;;;;;
Medical supplies;Pulmonology;NPA 36 Fr;NPA;10;;;;;;;;;;;;;;;;;;;;;;;;;;;;;;;;;;;;
Medical supplies;Pulmonology;Bag Mask Valve (BVM) Adult;BVM (with mask);2;;;;;;;;;;;;;;;;;;;;;;;;;;;;;;;;;;;;
Medical supplies;Pulmonology;BVM Pediatric;BVM (with mask);2;;;;;;;;;;;;;;;;;;;;;;;;;;;;;;;;;;;;
Medical supplies;Pulmonology;BVM Infant;BVM (with mask);2;;;;;;;;;;;;;;;;;;;;;;;;;;;;;;;;;;;;
Medical supplies;Access / IVF;IV catheter, 18G;unit;25;;;;;;;;;;;;;;;;;;;;;;;;;;;;;;;;;;;;
Medical supplies;Access / IVF;IV catheter, 20G;unit;10;;;;;;;;;;;;;;;;;;;;;;;;;;;;;;;;;;;;
Medical supplies;Access / IVF;IV catheter, 22G;unit;25;;;;;;;;;;;;;;;;;;;;;;;;;;;;;;;;;;;;
Medical supplies;Access / IVF;IV catheter, 24G;unit;10;;;;;;;;;;;;;;;;;;;;;;;;;;;;;;;;;;;;
Medical supplies;Access / IVF;Needle 18G;unit;25;;;;;;;;;;;;;;;;;;;;;;;;;;;;;;;;;;;;
Medical supplies;Access / IVF;Needle 27G;unit;25;;;;;;;;;;;;;;;;;;;;;;;;;;;;;;;;;;;;
Medical supplies;Access / IVF;Syringes 1cc;unit;25;;;;;;;;;;;;;;;;;;;;;;;;;;;;;;;;;;;;
Medical supplies;Access / IVF;Syringes 3cc;unit;25;;;;;;;;;;;;;;;;;;;;;;;;;;;;;;;;;;;;
Medical supplies;Access / IVF;Syringes 10cc;unit;50;;;;;;;;;;;;;;;;;;;;;;;;;;;;;;;;;;;;
Medical supplies;Access / IVF;IV start kit;kit;50;;;;;;;;;;;;;;;;;;;;;;;;;;;;;;;;;;;;
Medical supplies;Access / IVF;IV tubing set;set;50;;;;;;;;;;;;;;;;;;;;;;;;;;;;;;;;;;;;
Medical supplies;Access / IVF;Alcohol pads (box);box;2;;;;;;;;;;;;;;;;;;;;;;;;;;;;;;;;;;;;
Medical supplies;Access / IVF;Cook IO Needle Adult;IO needle;5;;;;;;;;;;;;;;;;;;;;;;;;;;;;;;;;;;;;
Medical supplies;Access / IVF;Cook IO Needle Pediatric;IO needle;5;;;;;;;;;;;;;;;;;;;;;;;;;;;;;;;;;;;;
Medical supplies;Access / IVF;Cook IO Needle Indfant;IO needle;5;;;;;;;;;;;;;;;;;;;;;;;;;;;;;;;;;;;;
Medical supplies;Other;Narcotic Lockbox;unit;box;;;;;;;;;;;;;;;;;;;;;;;;;;;;;;;;;;;;
Medical supplies;Other;Razor;unit;3;;;;;;;;;;;;;;;;;;;;;;;;;;;;;;;;;;;;
Medical supplies;Other;White Body Bags;body bag;5;;;;;;;;;;;;;;;;;;;;;;;;;;;;;;;;;;;;
Medical supplies;Other;Blankets;unit;5;;;;;;;;;;;;;;;;;;;;;;;;;;;;;;;;;;;;
Medical supplies;Other;Point-of-Care Handheld Ultrasound Machine (optional);unit;1;;;;;;;;;;;;;;;;;;;;;;;;;;;;;;;;;;;;
Medical supplies;Other;Ultrasound gel (optional);bottle;2;;;;;;;;;;;;;;;;;;;;;;;;;;;;;;;;;;;;
Medical supplies;Other;Autoclave;unit;1;;;;;;;;;;;;;;;;;;;;;;;;;;;;;;;;;;;;
Medical supplies;Other;Cooling Case/Cold Chain;unit;1;;;;;;;;;;;;;;;;;;;;;;;;;;;;;;;;;;;;
Medical supplies;Other;MUAC (mid upper arm circumference);unit;10;;;;;;;;;;;;;;;;;;;;;;;;;;;;;;;;;;;;
Medical supplies;Other;POC Hemoglobin;unit;2;;;;;;;;;;;;;;;;;;;;;;;;;;;;;;;;;;;;
Medical supplies;Other;POC Hemoglobin testing strips;box (50 each);2;;;;;;;;;;;;;;;;;;;;;;;;;;;;;;;;;;;;
Medical supplies;Other;POC Glucometer;1 glucometer;1;;;;;;;;;;;;;;;;;;;;;;;;;;;;;;;;;;;;
Medical supplies;Other;Lancets;lancet;300;;;;;;;;;;;;;;;;;;;;;;;;;;;;;;;;;;;;
Medical supplies;Other;POC Glucose testing strips;strip;300;;;;;;;;;;;;;;;;;;;;;;;;;;;;;;;;;;;;
Medical supplies;Other;Broselow-Luten Tape;tape;4;;;;;;;;;;;;;;;;;;;;;;;;;;;;;;;;;;;;
Medical supplies;Other;Hand-Held Suction;suction;1;;;;;;;;;;;;;;;;;;;;;;;;;;;;;;;;;;;;
Medical supplies;Other;Hand-Held Suction Catheter;catheter;5;;;;;;;;;;;;;;;;;;;;;;;;;;;;;;;;;;;;
Medical supplies;Other;Hand-Held Replacement cartridge;cartridge;2;;;;;;;;;;;;;;;;;;;;;;;;;;;;;;;;;;;;
Medical supplies;Other;Adapter kit (4 per kit);kit;2;;;;;;;;;;;;;;;;;;;;;;;;;;;;;;;;;;;;
Medical supplies;Other;Pulse Oximetry Adult; ;2;;;;;;;;;;;;;;;;;;;;;;;;;;;;;;;;;;;;
Medical supplies;Other;Pulse Oximetry Pediatric; ;2;;;;;;;;;;;;;;;;;;;;;;;;;;;;;;;;;;;;
Medical supplies;Other;Trauma Shears;shear;4;;;;;;;;;;;;;;;;;;;;;;;;;;;;;;;;;;;;
Medical supplies;Other;Timer (for lab management);timer;1;;;;;;;;;;;;;;;;;;;;;;;;;;;;;;;;;;;;
Medical supplies;Lab services;Glucometer;unit;2;;;;;;;;;;;;;;;;;;;;;;;;;;;;;;;;;;;;
Medical supplies;Lab services;Glucometer Strips;bottles;3;;;;;;;;;;;;;;;;;;;;;;;;;;;;;;;;;;;;
Medical supplies;Lab services;Reagents;bottles;2;;;;;;;;;;;;;;;;;;;;;;;;;;;;;;;;;;;;
Medical supplies;Lab services;Urine Dipstick;bottles;3;;;;;;;;;;;;;;;;;;;;;;;;;;;;;;;;;;;;
Medical supplies;Lab services;Urine Collection Cups;cups;30;;;;;;;;;;;;;;;;;;;;;;;;;;;;;;;;;;;;
Medical supplies;Lab services;Urine Pregnancy Test Kits;units;15;;;;;;;;;;;;;;;;;;;;;;;;;;;;;;;;;;;;
Medical supplies;Lab services;Hemoglobin  meter;unit;2;;;;;;;;;;;;;;;;;;;;;;;;;;;;;;;;;;;;
Medical supplies;Lab services;Hemoglobin tests strips;bottles;3;;;;;;;;;;;;;;;;;;;;;;;;;;;;;;;;;;;;
Medical supplies;Lab services;Malaria RDT Test Strips;bottles;2;;;;;;;;;;;;;;;;;;;;;;;;;;;;;;;;;;;;
Medical supplies;Lab services;Capillary Tubes;bottles;2;;;;;;;;;;;;;;;;;;;;;;;;;;;;;;;;;;;;
Medical supplies;Lab services;Lancets;boxes;3;;;;;;;;;;;;;;;;;;;;;;;;;;;;;;;;;;;;
Medical supplies;Lab services;Chucks;packs;2;;;;;;;;;;;;;;;;;;;;;;;;;;;;;;;;;;;;
Medical supplies;Lab services;Gloves;S,M,L,XL;2 each;;;;;;;;;;;;;;;;;;;;;;;;;;;;;;;;;;;;
Medical supplies;Lab services;Sharps Container;unit;2;;;;;;;;;;;;;;;;;;;;;;;;;;;;;;;;;;;;
Medical supplies;OB / Gyn;Hb meter;unit;2;;;;;;;;;;;;;;;;;;;;;;;;;;;;;;;;;;;;
Medical supplies;OB / Gyn;Saturation meter;unit;2;;;;;;;;;;;;;;;;;;;;;;;;;;;;;;;;;;;;
Medical supplies;OB / Gyn;Bakri baloon;unit;2;;;;;;;;;;;;;;;;;;;;;;;;;;;;;;;;;;;;
Medication;OB / Gyn;Amoxicillin 250mg;tablet;600;;;;;;;;;;;;;;;;;;;;;;;;;;;;;;;;;;;;
Medication;OB / Gyn;Doxycycline, 100mg;tablet;200;;;;;;;;;;;;;;;;;;;;;;;;;;;;;;;;;;;;
Medication;OB / Gyn;Metronidazole, 500mg;tablet;300;;;;;;;;;;;;;;;;;;;;;;;;;;;;;;;;;;;;
Medication;OB / Gyn;Amoxicillin/Clauvlante Potassium, 250mg;tablet;300;;;;;;;;;;;;;;;;;;;;;;;;;;;;;;;;;;;;
Medication;OB / Gyn;Azithromycin, 250mg;tablet;60;;;;;;;;;;;;;;;;;;;;;;;;;;;;;;;;;;;;
Medication;OB / Gyn;Cephalexin, 500mg;capsules;500;;;;;;;;;;;;;;;;;;;;;;;;;;;;;;;;;;;;
Medication;OB / Gyn;Ciprofloxacin, 500mg;tablet;200;;;;;;;;;;;;;;;;;;;;;;;;;;;;;;;;;;;;
Medication;OB / Gyn;Nitrofuraton, 100mg;tablet;100;;;;;;;;;;;;;;;;;;;;;;;;;;;;;;;;;;;;
Medication;OB / Gyn;Clindamycin, 150mg;tablet;60;;;;;;;;;;;;;;;;;;;;;;;;;;;;;;;;;;;;
Medication;OB / Gyn;Mupirocin 2% ointment;tube;10;;;;;;;;;;;;;;;;;;;;;;;;;;;;;;;;;;;;
Medication;ANTIBIOTICS IV/IM;Penicillin G potassium, injection 2.4 mil IU/vial;vial;10;;;;;;;;;;;;;;;;;;;;;;;;;;;;;;;;;;;;
Medication;ANTIBIOTICS IV/IM;Ceftriaxone, injection 1g/vial;vial;20;;;;;;;;;;;;;;;;;;;;;;;;;;;;;;;;;;;;
Medication;ANTIBIOTICS IV/IM;Cefazolin, injection 1g;vial;10;;;;;;;;;;;;;;;;;;;;;;;;;;;;;;;;;;;;
Medication;ANTIBIOTICS IV/IM;Ciprofloxacin 400mg/200ml bag;bag;5;;;;;;;;;;;;;;;;;;;;;;;;;;;;;;;;;;;;
Medication;ANTIBIOTICS IV/IM;Ampicillin Na (powder) 500mg;vial;5;;;;;;;;;;;;;;;;;;;;;;;;;;;;;;;;;;;;
Medication;ANTIBIOTICS IV/IM;Metronidazole, 500mg/100ml bag;bag;5;;;;;;;;;;;;;;;;;;;;;;;;;;;;;;;;;;;;
Medication;ANTIVIRALS;Acyclovir, 200mg;tablet;280;;;;;;;;;;;;;;;;;;;;;;;;;;;;;;;;;;;;
Medication;ANTI-PARASITIC MEDS;Albendazole, 400mg;tablet;100;;;;;;;;;;;;;;;;;;;;;;;;;;;;;;;;;;;;
Medication;ANTI-FUNGALS;Miconazole cream 2%;30g tubes;20;;;;;;;;;;;;;;;;;;;;;;;;;;;;;;;;;;;;
Medication;ANTI-FUNGALS;Clotrimazole cream, 1%;30g tubes;10;;;;;;;;;;;;;;;;;;;;;;;;;;;;;;;;;;;;
Medication;ANTI-FUNGALS;Fluconazole, 150mg;tablet;25;;;;;;;;;;;;;;;;;;;;;;;;;;;;;;;;;;;;
Medication;SCABIES/LICE;Benzyl Benzoate lotion 25%;bottle, 1 L;5;;;;;;;;;;;;;;;;;;;;;;;;;;;;;;;;;;;;
Medication;SCABIES/LICE;Permethrin, 5% cream;30g tubes;20;;;;;;;;;;;;;;;;;;;;;;;;;;;;;;;;;;;;
Medication;ANALGESICS/TOPICAL ANESTHETICS;Ibuprofen, 400mg;tablet;1000;;;;;;;;;;;;;;;;;;;;;;;;;;;;;;;;;;;;
Medication;ANALGESICS/TOPICAL ANESTHETICS;Acetaminophen, 500mg;tablet;1000;;;;;;;;;;;;;;;;;;;;;;;;;;;;;;;;;;;;
Medication;ANALGESICS/TOPICAL ANESTHETICS;Lidocaine, injection 2%;20/ml/vial;20;;;;;;;;;;;;;;;;;;;;;;;;;;;;;;;;;;;;
Medication;ANALGESICS/TOPICAL ANESTHETICS;Lidocaine 1% with epi;20ml/vial;20;;;;;;;;;;;;;;;;;;;;;;;;;;;;;;;;;;;;
Medication;ANALGESICS/TOPICAL ANESTHETICS;Bupivicaine 0.5%;30ml/vial;10;;;;;;;;;;;;;;;;;;;;;;;;;;;;;;;;;;;;
Medication;ANALGESICS/TOPICAL ANESTHETICS;LET, topical;bottle;20;;;;;;;;;;;;;;;;;;;;;;;;;;;;;;;;;;;;
Medication;ANALGESICS/TOPICAL ANESTHETICS;Aspirin, 81mg;tablet;200;;;;;;;;;;;;;;;;;;;;;;;;;;;;;;;;;;;;
Medication;ACLS/CRITICAL CARE;Atropine, injection 8mg/20ml;20ml/vial;3;;;;;;;;;;;;;;;;;;;;;;;;;;;;;;;;;;;;
Medication;ACLS/CRITICAL CARE;Epinephrine 1:10,000;vial;3;;;;;;;;;;;;;;;;;;;;;;;;;;;;;;;;;;;;
Medication;ACLS/CRITICAL CARE;Bicarbonate 1 amp;vial;4;;;;;;;;;;;;;;;;;;;;;;;;;;;;;;;;;;;;
Medication;ACLS/CRITICAL CARE;Lidocaine hydrochloride 20mg/5ml;vial;5;;;;;;;;;;;;;;;;;;;;;;;;;;;;;;;;;;;;
Medication;ACLS/CRITICAL CARE;Epipen, adult;Injection;4;;;;;;;;;;;;;;;;;;;;;;;;;;;;;;;;;;;;
Medication;ACLS/CRITICAL CARE;Epipen, pediatric;Injection;4;;;;;;;;;;;;;;;;;;;;;;;;;;;;;;;;;;;;
Medication;ACLS/CRITICAL CARE;Insta glucose;tube;20;;;;;;;;;;;;;;;;;;;;;;;;;;;;;;;;;;;;
Medication;ACLS/CRITICAL CARE;Dextrose 50%, injection;ampule;10;;;;;;;;;;;;;;;;;;;;;;;;;;;;;;;;;;;;
Medication;ACLS/CRITICAL CARE;Calcium Chloride;ampule;4;;;;;;;;;;;;;;;;;;;;;;;;;;;;;;;;;;;;
Medication;ALLERGY;Famotidine, 20mg;tablet;100;;;;;;;;;;;;;;;;;;;;;;;;;;;;;;;;;;;;
Medication;ALLERGY;Hydrocortisone, powder for injection 100mg;vial;10;;;;;;;;;;;;;;;;;;;;;;;;;;;;;;;;;;;;
Medication;ALLERGY;Dexamethasone sodium phosphate inj, 4mg;vial;20;;;;;;;;;;;;;;;;;;;;;;;;;;;;;;;;;;;;
Medication;ALLERGY;Diphenydramine liquid 12.5mg/5ml;bottle;10;;;;;;;;;;;;;;;;;;;;;;;;;;;;;;;;;;;;
Medication;ALLERGY;Diphenydramine 25mg tablet;tablet;100;;;;;;;;;;;;;;;;;;;;;;;;;;;;;;;;;;;;
Medication;ALLERGY;Diphenydramine HCl injection 50mg mini set;injection;10;;;;;;;;;;;;;;;;;;;;;;;;;;;;;;;;;;;;
Medication;ALLERGY;Prednisone, 20mg tab;tablet;100;;;;;;;;;;;;;;;;;;;;;;;;;;;;;;;;;;;;
Medication;ALLERGY;Prednisone, 10mg tab;tablet;100;;;;;;;;;;;;;;;;;;;;;;;;;;;;;;;;;;;;
Medication;RESPIRATORY;Albuterol, MDI inhaler;MDI inhaler;20;;;;;;;;;;;;;;;;;;;;;;;;;;;;;;;;;;;;
Medication;CARDIOVASCULAR;Labetalol, 100mg;tablet;100;;;;;;;;;;;;;;;;;;;;;;;;;;;;;;;;;;;;
Medication;CARDIOVASCULAR;Hydralazine, powder for injection, 20 mg;ampule;5;;;;;;;;;;;;;;;;;;;;;;;;;;;;;;;;;;;;
Medication;CARDIOVASCULAR;Furosemide, injection 10mg/ml;2 ml/ampule;10;;;;;;;;;;;;;;;;;;;;;;;;;;;;;;;;;;;;
Medication;CARDIOVASCULAR;Hydrochlorothiazide, 25mg;tablet;100;;;;;;;;;;;;;;;;;;;;;;;;;;;;;;;;;;;;
Medication;CARDIOVASCULAR;Methyldopa;;;;;;;;;;;;;;;;;;;;;;;;;;;;;;;;;;;;;;
Medication;CARDIOVASCULAR;Nifedipine;;;;;;;;;;;;;;;;;;;;;;;;;;;;;;;;;;;;;;
Medication;DERMATOLOGY;Silver sulfadiazine, cream 1%;tube, 50g;5;;;;;;;;;;;;;;;;;;;;;;;;;;;;;;;;;;;;
Medication;DERMATOLOGY;Hydrocortisone, cream 1%;tube, 50g;5;;;;;;;;;;;;;;;;;;;;;;;;;;;;;;;;;;;;
Medication;Gi ;Aluminium hydroxide/magnesium hydroxide 225mg/200mg/5ml;bottle;5;;;;;;;;;;;;;;;;;;;;;;;;;;;;;;;;;;;;
Medication;Gi ;Promethazine, 25mg;tablet;50;;;;;;;;;;;;;;;;;;;;;;;;;;;;;;;;;;;;
Medication;Gi ;Ondansetron, 4mg ODT;tablet;50;;;;;;;;;;;;;;;;;;;;;;;;;;;;;;;;;;;;
Medication;Gi ;Metoclopramide IV 10mg vial;vial;5;;;;;;;;;;;;;;;;;;;;;;;;;;;;;;;;;;;;
Medication;Gi ;Calcium carbonate liquid;bottle;5;;;;;;;;;;;;;;;;;;;;;;;;;;;;;;;;;;;;
Medication;Gi ;Loperamide 2mg;tablet;25;;;;;;;;;;;;;;;;;;;;;;;;;;;;;;;;;;;;
Medication;IVF;Lactated Ringers;500ml bag;20;;;;;;;;;;;;;;;;;;;;;;;;;;;;;;;;;;;;
Medication;IVF;Normal Saline;500ml bag;20;;;;;;;;;;;;;;;;;;;;;;;;;;;;;;;;;;;;
Medication;IVF;D5/Half Normal Saine;500ml bag;15;;;;;;;;;;;;;;;;;;;;;;;;;;;;;;;;;;;;
Medication;IVF;Ferrous Sulfate IV;;;;;;;;;;;;;;;;;;;;;;;;;;;;;;;;;;;;;;
Medication;ELECTROLYTES/HYDRATION;ORS (oral rehydration salts);sachet for 1L;50;;;;;;;;;;;;;;;;;;;;;;;;;;;;;;;;;;;;
Medication;ELECTROLYTES/HYDRATION;Zinc Sulfate, 20mg;tablet;150;;;;;;;;;;;;;;;;;;;;;;;;;;;;;;;;;;;;
Medication;ELECTROLYTES/HYDRATION;Magnesium sulfate, injection 500 mg/ml;10 ml/ampule;10;;;;;;;;;;;;;;;;;;;;;;;;;;;;;;;;;;;;
Medication;ELECTROLYTES/HYDRATION;Calcium gluconate, injection 100 mg/ml;10 ml/ampule;5;;;;;;;;;;;;;;;;;;;;;;;;;;;;;;;;;;;;
Medication;ELECTROLYTES/HYDRATION;Vitamin A, 200,000 IU;capsule;200;;;;;;;;;;;;;;;;;;;;;;;;;;;;;;;;;;;;
Medication;CONTROLLED SUBSTANCES;Ketamine, injection 100mg/ml;5ml/vial;5;;;;;;;;;;;;;;;;;;;;;;;;;;;;;;;;;;;;
Medication;CONTROLLED SUBSTANCES;Morphine, injection 10mg/ml;1ml/ampule;20;;;;;;;;;;;;;;;;;;;;;;;;;;;;;;;;;;;;
Medication;CONTROLLED SUBSTANCES;Midazolam, 2mg/ml;2mg/ampule;20;;;;;;;;;;;;;;;;;;;;;;;;;;;;;;;;;;;;
Medication;CONTROLLED SUBSTANCES;Haloperidol, injections 5mg/ml;1 ml/ampule;10;;;;;;;;;;;;;;;;;;;;;;;;;;;;;;;;;;;;
Medication;CONTROLLED SUBSTANCES;Diazepam;;;;;;;;;;;;;;;;;;;;;;;;;;;;;;;;;;;;;;
Medication;PEDS;Amoxicillin 200mg/5ml liquid;100ml/bottle;40;;;;;;;;;;;;;;;;;;;;;;;;;;;;;;;;;;;;
Medication;PEDS;Azithromycin 200mg/5ml liquid;100ml/bottle;5;;;;;;;;;;;;;;;;;;;;;;;;;;;;;;;;;;;;
Medication;PEDS;Clindamycin 75mg/5ml liquid;100ml/bottle;10;;;;;;;;;;;;;;;;;;;;;;;;;;;;;;;;;;;;
Medication;PEDS;Cephalexin 250mg/5ml liquid;100ml/bottle;10;;;;;;;;;;;;;;;;;;;;;;;;;;;;;;;;;;;;
Medication;PEDS;Ibuprofen 40mg/ml liquid;100ml/bottle;15;;;;;;;;;;;;;;;;;;;;;;;;;;;;;;;;;;;;
Medication;PEDS;Acetaminophen 100mg/ml liquid;100ml/bottle;10;;;;;;;;;;;;;;;;;;;;;;;;;;;;;;;;;;;;
Medication;PEDS;Prednisolone 15mg/5ml;240ml/bottle;6;;;;;;;;;;;;;;;;;;;;;;;;;;;;;;;;;;;;
Medication;OTHER;Tranexamic Acid (TXA) 1g/ampule;1g/ampule;4;;;;;;;;;;;;;;;;;;;;;;;;;;;;;;;;;;;;
Medication;OTHER;Naloxone, injection 0.4 mg/ml;1 ml/ampule;3;;;;;;;;;;;;;;;;;;;;;;;;;;;;;;;;;;;;
Medication;OTHER;Bacitracin ointment packet;packet;20;;;;;;;;;;;;;;;;;;;;;;;;;;;;;;;;;;;;
Medication;OTHER;Haloperidol, injections 5mg/ml;1 ml/ampule;10;;;;;;;;;;;;;;;;;;;;;;;;;;;;;;;;;;;;
Medication;Vaccines;Tetanus;doses;200;;;;;;;;;;;;;;;;;;;;;;;;;;;;;;;;;;;;
Medication;OPTHO/HEENT;Tetracycline, eye ointment 1%;tube, 3g;10;;;;;;;;;;;;;;;;;;;;;;;;;;;;;;;;;;;;
Medication;OPTHO/HEENT;Ciprofloxacin ophthalmic 0.3%;2.5ml bottle;5;;;;;;;;;;;;;;;;;;;;;;;;;;;;;;;;;;;;
Medication;OPTHO/HEENT;Hydrocortisone/neomycin/polymyxin B;2.5 ml bottle;10;;;;;;;;;;;;;;;;;;;;;;;;;;;;;;;;;;;;
Medication;OPTHO/HEENT;Flourescein;strips;10;;;;;;;;;;;;;;;;;;;;;;;;;;;;;;;;;;;;
Medication;OPTHO/HEENT;Erythromycin Opthalmic Ointment;tube, 3g;10;;;;;;;;;;;;;;;;;;;;;;;;;;;;;;;;;;;;
Medication;OPTHO/HEENT;Artificial tears;10ml bottle;10;;;;;;;;;;;;;;;;;;;;;;;;;;;;;;;;;;;;
Medication;OPTHO/HEENT;Oxymetazoline;15ml bottle;5;;;;;;;;;;;;;;;;;;;;;;;;;;;;;;;;;;;;
Medication;REPRODUCTIVE HEALTH;Oxytocin, injection, 10 IU/ml;10ml/vial;5;;;;;;;;;;;;;;;;;;;;;;;;;;;;;;;;;;;;
Medication;REPRODUCTIVE HEALTH;Misoprostol,  ???;???;???;;;;;;;;;;;;;;;;;;;;;;;;;;;;;;;;;;;;
Medication;REPRODUCTIVE HEALTH;Ferrous Sulfate, 325mg;tablet;250;;;;;;;;;;;;;;;;;;;;;;;;;;;;;;;;;;;;
Medication;REPRODUCTIVE HEALTH;Folic Acid, 600mcg;tablet;250;;;;;;;;;;;;;;;;;;;;;;;;;;;;;;;;;;;;
Medication;REPRODUCTIVE HEALTH;Diazepam ;;;;;;;;;;;;;;;;;;;;;;;;;;;;;;;;;;;;;;
Medication;REPRODUCTIVE HEALTH;Cyclokapron;;;;;;;;;;;;;;;;;;;;;;;;;;;;;;;;;;;;;;
