Notes: Category;Notes: Subcategory;Name;Unique Excel ID;Description;Amount;Quantity trainingweekend;Status trainingweekend;Status Lebanon - proposal 2020;Brand;Supplier;Value in EUR;Notes: Dangerous good;Notes: Expiring;"Weight \n[kg]";;;;;;;;;;;;;;;;;;;;;;;;
Camping and living;Camp accessoires;Red/white marking tape;E1;50 m each, min. 200 m;4;2;Ready;Ready;;https://www.gamma.nl/assortiment/afzetlint-rood-wit-50-meter/p/B348418;5;No;;;;;;;;;;;;;;;;;;;;;;;;;;
Camping and living;Camp accessoires;Fence pole - set of 2;E2;Trekking poles? With 'foot' legs, put weight on to stabilize?;3;6;Ready;Ready;Black Diamont Black Trail Hiking sticks (set);https://www.bever.nl/p/black-diamond-trail-black-wandelstok-NEAAC90036.html?colour=4133;70;No;;0;;;;;;;;;;;;;;;;;;;;;;;;
Camping and living;Camp accessoires;Fence;E3;Roll with thin (orange) sheep fence?;;;;;;;;;;;;;;;;;;;;;;;;;;;;;;;;;;
Camping and living;Camp accessoires;RN flag;E4;;;;;;;;;;;;;;;;;;;;;;;;;;;;;;;;;;;
Camping and living;Camp accessoires;Fire extinguisher;E5;Airline-safe like ISAR has!;3;1;Ready;;Pentamax;Ruben Windecker knows;430;No;;;;;;;;;;;;;;;;;;;;;;;;;;
Camping and living;Camp accessoires;Fire extinguisher filler;E6;;3;2;Ready;;iFoam or Prevento;Ruben Windecker knows;100;No;Yes;;;;;;;;;;;;;;;;;;;;;;;;;
Camping and living;Camp accessoires;Fire blanket;E7;For cooking etc, alternative to extinguisher;2;;;;;;;No;;;;;;;;;;;;;;;;;;;;;;;;;;
Camping and living;Camp accessoires;Long pole;E8;For flag, lighting, radio base antenna. To be fixed to tents;;;;;;;;;;;;;;;;;;;;;;;;;;;;;;;;;;
Camping and living;Furniture;Chair for members;E9;Stool, Many, also for stretcher & desks. 12 (basecamp) or 6 (3 desks) + 3 (staff) + 2 (stretcher);16;12;Ready;Can be bought;Bocamp 'stool';https://team-outdoors.nl/bo-camp-urban-outdoor-krukje-croydon-taupe.html;18;No;;1;;;;;;;;;;;;;;;;;;;;;;;;
Camping and living;Furniture;Chair for patient / doctor;E10;With high backrest, option 1. Change feet: wider. + make cleanable textile.;2;2;Ordered;Can be bought?;Helinox Sunset Chair R1 - black-blue;https://www.bever.nl/p/helinox-sunset-chair-r1-stoel-MCAEC80043.html?colour=4143;150;No;;1;;;;;;;;;;;;;;;;;;;;;;;;
Camping and living;Furniture;Cleanable cover for chair for patient;E11;;2;;;;;"https://www.esvocampingshop.com/nl/zeildoek-430-gr-m-pvc-gecoat-doek-bisonyl-met-nerf-150-cm-wit/\nhttps://www.esvocampingshop.com/nl/naaigaren-polyester-amann-serabond-wit/";;;;;;;;;;;;;;;;;;;;;;;;;;;;
Camping and living;Furniture;Chair for patient / doctor;E12;With high backrest, option 2;;;;;Bocamp vouwstoel;;;;;;;;;;;;;;;;;;;;;;;;;;;;;
Camping and living;Furniture;Shelves / closets;E13;"E.g. hanging shelves or flexible storage compartments\nFor medical supplies, team equipment, etc";;1;Ready;;;;;;;;;;;;;;;;;;;;;;;;;;;;;;;
Camping and living;Furniture;Desk;E14;"1 x treatment area, 1 x triage / admin area, 1 x control, 1 x staff room\ntrainingweekend: 2 stools + luggage straps + 400x600 box lid.";10;X;Ready;;;;;;;;;;;;;;;;;;;;;;;;;;;;;;;
Camping and living;Kitchen;Pot set;E15;2 x 2 liters, fits in each other, with grip and lid;1;2;Ready;Ready;Primus Essential 2.3 set;https://www.kampeerwereld.nl/primus-essential-pot-set-2.3l-pannenset-p740300/;50;No;;1;;;;;;;;;;;;;;;;;;;;;;;;
Camping and living;Kitchen;Pot gripper;E16;;1;2;Ready;Ready;Primus Crimp Pot Gripper;https://www.kampeerwereld.nl/primus-crimp-pot-gripper-pannengreepp740400/;23;No;;0;;;;;;;;;;;;;;;;;;;;;;;;
Camping and living;Kitchen;Electric kettle 4.2 L;E17;;;;;;;;;;;;;;;;;;;;;;;;;;;;;;;;;;;
Camping and living;Kitchen;Stove floor / rise (fireproof);E18;1 included in Stove. Alternative: on table top or digging a hole in the ground / grass with the shovel;;2;Ready;;All-dek;;;;;;;;;;;;;;;;;;;;;;;;;;;;;
Camping and living;Kitchen;Fuel container - foldable;E19;Same as fuel container for generator. To be transported with generator and stored in box.;1;;;;Desert Fox Overland 20 liter Fuel Cell;https://desertfox.eu/collections/fuel-cells/products/xtreme-20l-fuel-cell;115;Yes;;1;;;;;;;;;;;;;;;;;;;;;;;;
Camping and living;Kitchen;Fuel container - hard case;E20;Same as fuel container for generator. To be transported with generator and stored in box.;1;;;Ready;5L Jerrycan;https://www.jerrycanshop.nl/jerrycans/op-inhoud/5-liter-jerrycans/5-liter-stapelbare-jerrycan-met-un-blauw.html;5;Yes;;1;;;;;;;;;;;;;;;;;;;;;;;;
Camping and living;Kitchen;Plastic zip-loc bags for food left-overs;E21;3 liter sizes?;;;;;;;;;;;;;;;;;;;;;;;;;;;;;;;;;;
Camping and living;Kitchen;Plastic plates;E22;;;;;;;;;;;;;;;;;;;;;;;;;;;;;;;;;;;
Camping and living;Kitchen;Coffee filter holder #2 foldable;E23;;;;;;Bo-Camp coffee filter holder;https://www.outdoorxl.nl/bo-camp-koffiefilterhouder-siliconen-opvouwbaar.html;7;;;;;;;;;;;;;;;;;;;;;;;;;;;
Camping and living;Kitchen;Washing bowls;E24;;2;2;Ready;;Ortlieb Folding Bowl 10 liters;TCK Sports;15;;;;;;;;;;;;;;;;;;;;;;;;;;;
Camping and living;Lighting;LED floodlight 200 lumen;E25;USB powered with internal li-ion battery;10;4;Ready;Ready;Fenix CL20R Lamp;https://www.bever.nl/p/fenix-cl20r-lamp-MDABC90042.html?colour=736;40;No;;0;;;;;;;;;;;;;;;;;;;;;;;;
Camping and living;Lighting;LED floodlight 5000+ lumen;E26;Needed: trainingweekendtest 35W LED, that was okay.;;;;;;;;;;;;;;;;;;;;;;;;;;;;;;;;;;
Camping and living;Lighting;LED floodlight stand;E27;;;;;;;;;;;;;;;;;;;;;;;;;;;;;;;;;;;
Camping and living;Shelter;Ground anchor part 1: water / sand bag;E28;;4;;;;Ortlieb 35 liters water bag;https://www.bever.nl/p/ortlieb-pd350-bagagezak-35l-NACAC22024.html?colour=1517; € 	23,00 ;;;0;;;;;;;;;;;;;;;;;;;;;;;;
Camping and living;Shelter;Rope;E29;Minimum strength: 150 kg. Colored / reflecting, non stretching, non slippery (for creating knots);200;200;Ready;Ready;Paracord.eu;https://www.paracord.nl/paracord/paracord-type-ii/paracord-type-ii-reflectable-colors/reflectable-white-paracord-type-ii;1;No;;;;;;;;;;;;;;;;;;;;;;;;;;
Camping and living;Shelter;Tarp 3x3 or 4 x 6 meter;E30;Cuben fiber sheet? Sunprotection! Also as ground sheet;2;2;Ready;Ready;DD SuperLight Tarp 3 x 2,9 Olive Green;https://www.paracord.nl/outdoor-reis/tarps-dd-hammocks/dd-superlight-range/dd-superlight-tarp-olive-green;92;No;;0;;;;;;;;;;;;;;;;;;;;;;;;
Camping and living;Shelter;Pole for tarp;E31;;2;;;;;;;No;;0;;;;;;;;;;;;;;;;;;;;;;;;
Camping and living;Shelter;Pole for tarp;E32;Make stickers with folding instructions;1;4;Ready;1 Ready, more can be bought;Mostert telescopic pole 250 cm;http://www.original-mostert.com/?newlanguage=nl;50;No;;1;;;;;;;;;;;;;;;;;;;;;;;;
Camping and living;Shelter;Ground sheet 3x3 or 4x6 meter;E33;Same as tarp?;;;;;;;;No;;;;;;;;;;;;;;;;;;;;;;;;;;
Camping and living;Shelter;Ground pin - rock;E34;;8;X;Ready;Ready;;https://www.bever.nl/p/mostert-haring-rotspen-e-MABDA62001.html?colour=5806;3;No;;0;;;;;;;;;;;;;;;;;;;;;;;;
Camping and living;Shelter;Ground pin - general purpose;E35;;18;X;Ready;Ready;;https://www.bever.nl/p/msr-groundhog-haring-6-stuks-MABBC60003.html?colour=1438;3;No;;0;;;;;;;;;;;;;;;;;;;;;;;;\nSpares for staff;Shelter;2 person tent;E36;Spare for members and usable for mobile clinic as backup for accidental staying overnight;2;;;;MSR Hubba Hubba 2 person;;;No;;2;;;;;;;;;;;;;;;;;;;;;;;;
Camping and living;Shelter;Tent 3x3 meter lightweight;E37;"Cuben fiber sheet, carbon fiber poles, modular?\nAbility to mount lighting, hanging shelves / closets, outside long pole, etc\nTop, sides, floor";;;;;;;;No;;6;;;;;;;;;;;;;;;;;;;;;;;;
Camping and living;Shelter;Comparting panel;E38;;;;;;;;;;;;;;;;;;;;;;;;;;;;;;;;;;;
Camping and living;Shelter;Mosquito nets;E39;Impregnated;;;;;;;;;;0;;;;;;;;;;;;;;;;;;;;;;;;
Camping and living;Shelter;Ground anchor part 2: attachement net / ropes;E40;;;;;;;;;;;;;;;;;;;;;;;;;;;;;;;;;;;
Camping and living;Shelter;Rope acc. e.g. fasteners, tensioners;E41;;20;;;;;;;No;;;;;;;;;;;;;;;;;;;;;;;;;;
Hygiene;Cleaning equipment;Bucket;E42;;;1;Ready;Can be bought;;Karwei;3;;;;;;;;;;;;;;;;;;;;;;;;;;;
Hygiene;Cleaning equipment;Mop;E43;;;1;Ready;Can be bought;;Supermarkt;;;;;;;;;;;;;;;;;;;;;;;;;;;;
Hygiene;Cleaning equipment;Broom head;E44;;;;;;;;;;;;;;;;;;;;;;;;;;;;;;;;;;;
Hygiene;Cleaning equipment;Detergent;E45;;;1;Ready;Can be bought;;Supermarkt;;;;;;;;;;;;;;;;;;;;;;;;;;;;
Hygiene;Cleaning equipment;Disposable wipes;E46;;;1;Ready;Can be bought;;Supermarkt;;;;;;;;;;;;;;;;;;;;;;;;;;;;
Hygiene;Cleaning equipment;Wipes;E47;;;;;;;;;;;;;;;;;;;;;;;;;;;;;;;;;;;
Hygiene;Cleaning equipment;Blood spill kit;E48;;;;;;https://www.amazon.co.uk/Biohazard-Blood-Spill-Clean-Pack/dp/B0098IYPGU;;;;;;;;;;;;;;;;;;;;;;;;;;;;;
Hygiene;Cleaning equipment;Rubber gloves;E49;;;1;;Can be bought;;Supermarkt;;;;;;;;;;;;;;;;;;;;;;;;;;;;
Hygiene;Cleaning equipment;Rubber boots;E50;;;;;;;;;;;;;;;;;;;;;;;;;;;;;;;;;;;
Hygiene;Cleaning equipment;(Alcohol) disinfecting wipes;E51;;;1;Ready;Can be bought?;;Supermarkt / drogist;;;;;;;;;;;;;;;;;;;;;;;;;;;;
Hygiene;Cleaning equipment;Washing bowls 5L;E52;;;;;;;;;;;;;;;;;;;;;;;;;;;;;;;;;;;
Hygiene;Cleaning equipment;Laundry washing bowls;E53;;;2;Ready;;Ortlieb folding Bowl - 50L;TCK Sports;;;;;;;;;;;;;;;;;;;;;;;;;;;;
Hygiene;Showers;Shower housing;E54;1 for mobile clinic?, 1 for base camp. Same as toilet housing;1;1;Build;Ready;;https://www.decathlon.nl/p/douchehokje-2seconds-voor-kamperen/_/R-p-13336?mc=8300695;40;;;;;;;;;;;;;;;;;;;;;;;;;;;
Hygiene;Showers;Pole for shower housing;E55;Same as pole for tarp: Mostert;;;;;;;50;;;;;;;;;;;;;;;;;;;;;;;;;;;
Hygiene;Showers;Shower bag;E56;;2;2;Ready;Ready;;https://www.decathlon.nl/p/compacte-campingdouche-van-10-l-voor-kamperen-en-trekking-sea-to-summit/_/R-p-X8129316?mc=8129316;20;No;;0;;;;;;;;;;;;;;;;;;;;;;;;
Hygiene;Showers;Footpump for shower bag;E57;;;;;;;;;;;;;;;;;;;;;;;;;;;;;;;;;;;
Hygiene;Showers;Shower hose / head;E58;;;;;;;;;;;;;;;;;;;;;;;;;;;;;;;;;;;
Hygiene;Showers;Floor bassin;E59;;;;;;;;;;;;;;;;;;;;;;;;;;;;;;;;;;;
Hygiene;Showers;Shower head / hose fastening;E60;;;2;Build;;;;;;;;;;;;;;;;;;;;;;;;;;;;;;;
Hygiene;Showers;Drainage piping;E61;;;;;;;;;;;;;;;;;;;;;;;;;;;;;;;;;;;
Hygiene;Showers;Drainage grease filter;E62;;;;;;;;;;;;;;;;;;;;;;;;;;;;;;;;;;;
Hygiene;Showers;Shower spunges;E63;;;;;;;;;;;;;;;;;;;;;;;;;;;;;;;;;;;
Hygiene;Sinks;Hose;E64;;;;;;;;;;;;;;;;;;;;;;;;;;;;;;;;;;;
Hygiene;Sinks;Sink;E65;;;1;R&D ***;;Ortlieb folding Bowl + Obelink drain + 19 / 25 mm hose + folding jerrycan;TCK Sports;;;;;;;;;;;;;;;;;;;;;;;;;;;;
Hygiene;Sinks;Sink stop;E66;For washing clothes etc?;;;;;;;;;;;;;;;;;;;;;;;;;;;;;;;;;;
Hygiene;Sinks;Hand soap dispenser;E67;;;3;Ready;;;;;;;;;;;;;;;;;;;;;;;;;;;;;;;
Hygiene;Sinks;Hand soap dispenser bracket;E68;Connected to sink;;;;;;;;;;;;;;;;;;;;;;;;;;;;;;;;;;
Hygiene;Sinks;Sink stand;E69;;;;;;;;;;;;;;;;;;;;;;;;;;;;;;;;;;;
Hygiene;Handwashing;Hand sanitizer;E70;;;;;;;;;;;;;;;;;;;;;;;;;;;;;;;;;;;
Hygiene;Toilets;Toilet housing - improved;E71;1 for mobile clinic, 1 for base camp;1;2;Build;;;https://www.decathlon.nl/p/douchehokje-2seconds-voor-kamperen/_/R-p-13336?mc=8300695;40;No;;2;;;;;;;;;;;;;;;;;;;;;;;;
Hygiene;Showers;Pole for shower housing;E72;Same as pole for tarp: Mostert;;;;;;;50;;;;;;;;;;;;;;;;;;;;;;;;;;;
Hygiene;Toilets;Toilet housing - standard;E73;1 for mobile clinic, 1 for base camp;1;2;Ready;Ready;;https://www.decathlon.nl/p/douchehokje-2seconds-voor-kamperen/_/R-p-13336?mc=8300695;40;No;;2;;;;;;;;;;;;;;;;;;;;;;;;
Hygiene;Toilets;Toilet seat;E74;;;1;Ready;;;https://ecosave.com/shop/droogtoilet/droogtoilet-rescue-25/;75;;;;;;;;;;;;;;;;;;;;;;;;;;;
Hygiene;Toilets;Chemical dry bag - pooping;E75;If possible biodegradable bags for burying?;15;30;Ready;Ready;;https://www.amazon.com/Cleanwaste-Toilet-Bag-DIY-pack/dp/B009A6VM1G;1;No;;;;;;;;;;;;;;;;;;;;;;;;;;
Hygiene;Toilets;Chemical dry bag - pooping;E76;;;48;Ready;;;https://www.obelink.nl/carebag-toiletzakken.html;1;;;;;;;;;;;;;;;;;;;;;;;;;;;
Hygiene;Toilets;Chemical dry bag - peeing;E77;If possible biodegradable bags for burying?;10;40;Ready;Ready;;https://www.amazon.com/AWOKEN-Disposable-Emergency-Portable-Children/dp/B07CQXQ9JZ/ref=sr_1_9?keywords=disposable+urinal+bags&qid=1566547201&s=gateway&sr=8-9;1;No;;;;;;;;;;;;;;;;;;;;;;;;;;
Hygiene;Toilets;Chemical dry bag - combined;E78;Biodegradable, bury afterwards;;X;;;PeePoo;http://www.peepoople.com/;;;;;;;;;;;;;;;;;;;;;;;;;;;;
Hygiene;Toilets;Toilet seat - bucket;E79;Bucket;2;7;Ready;Ready;10L Seau - Clean Home emmer;Karwei;2;No;;;;;;;;;;;;;;;;;;;;;;;;;;
Hygiene;Toilets;Toilet seat;E80;;;;;;PeePoo Kiti;http://www.peepoople.com/;;;;;;;;;;;;;;;;;;;;;;;;;;;;
Hygiene;Toilets;Toilet paper / tissues;E81;;;X;Ready;Can be bought;;Supermarkt;;No;;;;;;;;;;;;;;;;;;;;;;;;;;
Medical;Cold Chain system;Cooler - large;E82;For storage of vaccines;2;1;Ready;;Peli Credo 4L Promed;Peli.com;600;No;;;;;;;;;;;;;;;;;;;;;;;;;;
Medical;Cold Chain system;Cooler - large - demo model;E83;;;;;;;;;;;;;;;;;;;;;;;;;;;;;;;;;;;
Medical;Cold Chain system;Cold packs set - general;E84;PCM 4 deg C;4;;;;Peli Credo 4L Promed TIC panels;Peli.com;138;Yes;;;;;;;;;;;;;;;;;;;;;;;;;;
Medical;Cold Chain system;Cold packs set - large extra set;E85;PCM 4 deg C;2;?;;;;;;;;;;;;;;;;;;;;;;;;;;;;;;;;
Medical;Cold Chain system;Fridge;E86;For refreezing cold packs, check power system, preferably USB / 12V;2;1;Ready;Ready;Dometic CF-16;https://www.koelbox4you.nl/product/dometic-coolfreeze-cf-16/;465;No;;10;;;;;;;;;;;;;;;;;;;;;;;;
Medical;Cold Chain system;Fridge Fuse AC: F4L250V;E87;Fast blowing, 4A, 250V, glass 5x20 mm ;5;;;;;;;;;;;;;;;;;;;;;;;;;;;;;;;;;
Medical;Cold Chain system;Fridge Fuse DC: 8A car;E88;8A, plastic 6.3x25 mm;5;;;;;;;;;;;;;;;;;;;;;;;;;;;;;;;;;
Medical;Cold Chain system;Set adapter cables, converter plug (see power items );E89;12V female socket -> wires;2;X;Check if fits with solarpanels;Ready;;;;;;;;;;;;;;;;;;;;;;;;;;;;;;
Medical;Cold Chain system;Cooler - small;E90;For vaccines daily use in mobile clinic;2;1;Ready;Ready;Esbit Thermos;;;No;;;;;;;;;;;;;;;;;;;;;;;;;;
Medical;Cold Chain system;Cold packs set - cooler specific;E91;PCM fitting in cooler;2;;;;;;;;;;;;;;;;;;;;;;;;;;;;;;;;;
Medical;Cold Chain system;Temperature data logger;E92;;;2;Ready;;Tempmate M1;https://www.dataloggers.shop/Tempmate-M1-datalogger;37;;;;;;;;;;;;;;;;;;;;;;;;;;;
Medical;Cold Chain system;Temperature data logger - external sensor;E93;To measure temp inside with display outside cooler;;1;Ready;;Tempmate M1 - external sensor;https://www.dataloggers.shop/Tempmate-M1-datalogger;22;;;;;;;;;;;;;;;;;;;;;;;;;;;
Medical;Medical systems;Strecher;E94;Can double as examining table?;;1;Ready;;Ferno Tri-fold stretcher;Vandeputte medical;599;;;;;;;;;;;;;;;;;;;;;;;;;;;
Medical;Medical systems;Strecher - Fastrap spider;E95;;;1;Ready;;Ferno Tri-fold stretcher;Vandeputte medical;277;;;;;;;;;;;;;;;;;;;;;;;;;;;
Medical;Medical systems;Strecher - shipping costs;E96;;;1;Ready;;Ferno Tri-fold stretcher;Vandeputte medical;240;;;;;;;;;;;;;;;;;;;;;;;;;;;
Medical;Medical systems;Strecher - legs;E97;;;1;Ready;;;;;;;;;;;;;;;;;;;;;;;;;;;;;;;
Medical;Medical systems;CAIRE – Sequal Saros oxygen system;E98;;;;;;;;;Yes;;;;;;;;;;;;;;;;;;;;;;;;;;
Medical;Medical systems;Oxygen bottle;E99;Empty for travel, refill locally?;2;;;;;;;Yes;;;;;;;;;;;;;;;;;;;;;;;;;;
Medical;Medical systems;Oxygen concentrator;E100;;1;;;;;;;;;;;;;;;;;;;;;;;;;;;;;;;;;
Medical;Medical systems;Oxygen bottle filler;E101;;1;;;;;;;;;;;;;;;;;;;;;;;;;;;;;;;;;
Medical;Treatment area;Picture dictionary;E102;;;;;;;;;;;;;;;;;;;;;;;;;;;;;;;;;;;
Medical;Triage area;Reception desk with storage;E103;Desk for many locations: reception, treatment, isolation, pharmacy, office, team meeting area, etc. See funriture;;;;;;;;;;;;;;;;;;;;;;;;;;;;;;;;;;
Medical;Triage area;Picture dictionary;E104;;;;;;;;;;;;;;;;;;;;;;;;;;;;;;;;;;;
Medical;Triage area;Chair;E105;1 for staff, x for waiting patients, see furniture;;;;;;;;;;;;;;;;;;;;;;;;;;;;;;;;;;
Power;Power distribution;Power strip;E106;"4+ sockets, which type sockets? International, 110V & 220V. \nEarthed, 16A. 1 included in radio set";4;2;Ready;Can be bought;;Bouwmarkt;;;;;;;;;;;;;;;;;;;;;;;;;;;;
Power;Power distribution;Extension cord;E107;10 meters, earthed, 16A, which type sockets?;3;1;Ready;Can be bought;;Bouwmarkt;;;;;;;;;;;;;;;;;;;;;;;;;;;;
Power;Power distribution;Power plug converter;E108;1 included in radio set, 2 in fridges;4;;;;Skross 1302535 Reisstekker PRO World & USB;https://www.conrad.nl/p/skross-1302535-reisstekker-pro-world-usb-1558533;40;;;0;;;;;;;;;;;;;;;;;;;;;;;;
Power;Power distribution;USB multiport charger;E109;6+ ports, 2.4A minimum. Maybe also for radios?;2;;;;;;;;;;;;;;;;;;;;;;;;;;;;;;;;;
Power;Power distribution;USB splitter;E110;From powerbank to multiple USB outlets? 2.4A min;;;;;;;;;;;;;;;;;;;;;;;;;;;;;;;;;;
Power;Power generation;Generator petrol 2.2 kW;E111;;;1;Borrow Boels - Lysette;;Honda EU22i;https://www.bostools.nl/aggregaten/inverter-aggregaten/honda-eu22i-inverter-benzine-generator;1689;Yes;;21;;;;;;;;;;;;;;;;;;;;;;;;
Power;Power generation;Fuel container;E112;20 liters;;;;;;;;Yes;;1;;;;;;;;;;;;;;;;;;;;;;;;
Power;Power generation;Fuel pump;E113;;1;1;Ready;Ready;https://www.jerrycanshop.nl/hevelpomp-39-centimeter-voor-jerrycan.html;;6;Yes;;;;;;;;;;;;;;;;;;;;;;;;;;
Power;Power generation;Solar panel large: 80 Wp 18 V;E114;More in the future, depending on RN needs;2;2;Ready;Ready;Giaride 80W;https://www.amazon.de/GIARIDE-Solarladeger%C3%A4t-Sunpower-Tragbare-Ladeger%C3%A4t-18V80W/dp/B072KD4XCD/ref=sr_1_2?__mk_nl_NL=%C3%85M%C3%85%C5%BD%C3%95%C3%91&keywords=GIARIDE+18V+80W&qid=1565897012&s=gateway&sr=8-2;170;No;;2;;;;;;;;;;;;;;;;;;;;;;;;
Power;Power generation;Solar panel small;E115;1 included in Sat phone set;;;;;;;;;;;;;;;;;;;;;;;;;;;;;;;;;;
Power;Power storage;AA batteries;E116;Alkaline;20;;;;;;;No;Yes;;;;;;;;;;;;;;;;;;;;;;;;;
Power;Power storage;AAA batteries;E117;Alkaline;20;;;;;;;No;Yes;;;;;;;;;;;;;;;;;;;;;;;;;
Power;Power storage;Powerbank high capacity - Li-ion;E118;"13-20V in, USB in, 12-24V out, USB out\nFor radios, printer, laptop, etc.\n< 100Wh";3;3;Ready;Ready;XT Power 20.000;https://www.xtpower.de/XT-20000QC3-PowerBank-modern-DC-/-USB-battery-with-20100mAh-5V-12V-to-24V;70;Yes: Li-ion batteries;Yes;0;;;;;;;;;;;;;;;;;;;;;;;;
Power;Power storage;Powerbank accessoires set;E119;Incl fuses F15L230V - 6x30 mm;;;;;;;;;;;;;;;;;;;;;;;;;;;;;;;;;;
Power;Power storage;AA batteries;E120;;20;;;;;;;Yes;;;;;;;;;;;;;;;;;;;;;;;;;;
Power;Power storage;AAA batteries;E121;Lithium;20;;;;;;;Yes;;;;;;;;;;;;;;;;;;;;;;;;;;
SAR;Body retrieval;Body retrieval gloves;E122;;12;;;;;;;;;;;;;;;;;;;;;;;;;;;;;;;;;
SAR;Body retrieval;Disposable coveralls ;E123;;40;;;;;;;;;;;;;;;;;;;;;;;;;;;;;;;;;
SAR;Body retrieval;Body retrieval respirator;E124;;;;;;;;;;;;;;;;;;;;;;;;;;;;;;;;;;;
SAR;PPE;Climbing rope;E125;;;;;;;;;;;;;;;;;;;;;;;;;;;;;;;;;;;
Spares for staff;Personal hygiene;Shower / hand / clothes soap;E126;;;;;Can be bought;;Supermarkt;;;;;;;;;;;;;;;;;;;;;;;;;;;;
Spares for staff;Personal hygiene;Wet wipes - box;E127;;2;;;;;;;;;;;;;;;;;;;;;;;;;;;;;;;;;
Spares for staff;Personal hygiene;Sunblock;E128;;;;;Can be bought;;Supermarkt;;;;;;;;;;;;;;;;;;;;;;;;;;;;
Spares for staff;Personal hygiene;Bug repellent;E129;;;;;Can be bought;;Supermarkt?;;;;;;;;;;;;;;;;;;;;;;;;;;;;
Spares for staff;Personal hygiene;Soap: for clothes, body, hair, dishes;E130;;;;;;;;;;;;;;;;;;;;;;;;;;;;;;;;;;;
Spares for staff;Personal hygiene;Permethrin spray cans / mosquito repellent;E131;for staff use;2;;;;;;;Yes;;;;;;;;;;;;;;;;;;;;;;;;;;
Spares for staff;PPE;Disposable respirator N95;E132;;25;;;;;;;;;;;;;;;;;;;;;;;;;;;;;;;;;
Team office & general;Communication and navigation;Radio multicharger 12V;E133;;2;;;;;;;;;;;;;;;;;;;;;;;;;;;;;;;;;
Team office & general;Communication and navigation;Radio full set;E134;Batteries expire in ~7 years. full set;1;X;Ready;Ready;;;;Yes: Li-ion batteries;;15;;;;;;;;;;;;;;;;;;;;;;;;
Team office & general;Communication and navigation;Radio incl battery;E135;Batteries expire in ~7 years.;4;;;;;;;Yes: Li-ion batteries;Yes;0;;;;;;;;;;;;;;;;;;;;;;;;
Team office & general;Communication and navigation;Radio charger 220V;E136;No 110V charging??;4;;;;;;;;;0;;;;;;;;;;;;;;;;;;;;;;;;
Team office & general;Communication and navigation;Radio spare battery;E137;Batteries expire in ~7 years. ;4;;;;;;;Yes: Li-ion batteries;;0;;;;;;;;;;;;;;;;;;;;;;;;
Team office & general;Communication and navigation;Radio mic;E138;;4;;;;;;;;;;;;;;;;;;;;;;;;;;;;;;;;;
Team office & general;Communication and navigation;Radio accessorie size bag / suitcase;E139;;;X;Ready;;;;;;;;;;;;;;;;;;;;;;;;;;;;;;;
Team office & general;Communication and navigation;Emergency beacon;E140;combined with GPS unit?;2;;;;;https://buy.garmin.com/nl-NL/NL/p/592606;350;No;;;;;;;;;;;;;;;;;;;;;;;;;;
Team office & general;Communication and navigation;Battery safe bags;E141;Like used for LiPo batteries, fits 3;4;;;;HobbyKing® ™ brandvertragende LiPoly accutas (Flat) (230x140mm);https://hobbyking.com/nl_nl/fire-retardant-lipo-battery-bag-230x140mm.html;3;Yes: Li-ion batteries;;0;;;;;;;;;;;;;;;;;;;;;;;;
Team office & general;Communication and navigation;Battery safe hardcase;E142;Like used for LiPo batteries, fits 6;2;;;;Hard Shell draagtas voor 1400mAh 3S Batterij;https://hobbyking.com/nl_nl/hard-shell-carrying-case-for-1400mah-3s-battery.html;8;Yes: Li-ion batteries;;;;;;;;;;;;;;;;;;;;;;;;;;
Team office & general;Communication and navigation;Compass;E143;;1;;;;;;;No;;;;;;;;;;;;;;;;;;;;;;;;;;
Team office & general;Communication and navigation;Radio USB charging cable;E144;;8;X;Ready;;;https://www.amazon.de/dp/B07GYLC229/ref=pe_3044161_185740101_TE_item;8;No;;;;;;;;;;;;;;;;;;;;;;;;;;
Team office & general;Communication and navigation;Sat phone set;E145;Full set;3;X;Ready;Ready;;;;;;;;;;;;;;;;;;;;;;;;;;;;;;
Team office & general;Communication and navigation;BGAN Broadband satellite communication set;E146;"Or Iridium Go, \nIsatHub - Global WiFi Hotspot";;;;;;;;;;;;;;;;;;;;;;;;;;;;;;;;;;
Team office & general;Communication and navigation;GPS unit;E147;combined with emergency beacon?;;;;;;;;;;;;;;;;;;;;;;;;;;;;;;;;;;
Team office & general;Office;Laptop set: Windows 10, 13 inch screen;E148;1 included in radio set. With DVD?;;X;Ready;Ready;;;;;;;;;;;;;;;;;;;;;;;;;;;;;;
Team office & general;Office;All-in-one printer + scanner;E149;;1;;;;HP Office Mobile printer 250;https://www.coolblue.nl/product/723186/hp-officejet-250-mobile-printer-cz992a.html;280;No;;3;;;;;;;;;;;;;;;;;;;;;;;;
Team office & general;Office;Printer;E150;Power over USB;1;;;;HP OfficeJet 200 Mobile Printer;https://www.coolblue.nl/product/723184/hp-officejet-200-mobile-printer-cz993a.html;230;No;;2;;;;;;;;;;;;;;;;;;;;;;;;
Team office & general;Office;Whiteboard foil: 60x80 cm sheets;E151;1 roll = 25 sheets;1;X;Ready;Ready;Legamaster - magic-chart - whiteboard - folie - 60x80cm - wit - 25 vel;https://www.bol.com/nl/p/legamaster-magic-chart-whiteboard-folie-60x80cm-wit-25-vel/9200000040215739/?suggestionType=browse&bltgh=myRbDOMwzvsDvglxEjJI6A.1.3.ProductTitle;24;No;;;;;;;;;;;;;;;;;;;;;;;;;;
Team office & general;Office;Printer cartridge set;E152;;2;;;;;;70;No;Yes;;;;;;;;;;;;;;;;;;;;;;;;;
Team office & general;Office;RN Business cards - blank;E153;Including space for sat phone number, radio channel info, etc.;100;;;;;;;No;;;;;;;;;;;;;;;;;;;;;;;;;;
Team office & general;Office;Whiteboard Marker - different colors;E154;Pref. whiteboard, in case we can find a whiteboard around;6;X;Ready;Ready;;;;No;;;;;;;;;;;;;;;;;;;;;;;;;;
Team office & general;Office;Pen;E155;;6;X;Ready;;;;;;;;;;;;;;;;;;;;;;;;;;;;;;;
Team office & general;Office;Notebook;E156;;3;X;Ready;;;;;;;;;;;;;;;;;;;;;;;;;;;;;;;
Team office & general;Office;A4 / letter size printer paper - pack 500 sheets;E157;;1;X;Ready;Ready;;;;No;;;;;;;;;;;;;;;;;;;;;;;;;;
Team office & general;Office;Patient record forms;E158;;500;X;Ready;;;;;No;;;;;;;;;;;;;;;;;;;;;;;;;;
Team office & general;Office;Stapler;E159;;1;X;Ready;Ready;;;;No;;;;;;;;;;;;;;;;;;;;;;;;;;
Team office & general;Office;A4 size paper plastic sheets;E160;;50;X;Ready;Ready;;;;No;;;;;;;;;;;;;;;;;;;;;;;;;;
Team office & general;Office;Clipboard;E161;;2;X;Ready;Ready;;;;No;;;;;;;;;;;;;;;;;;;;;;;;;;
Team office & general;Office;Hanging organizer;E162;;1;X;Ready;Ready;;https://www.obelink.nl/hang-organizer-10-vakken.html?gclid=EAIaIQobChMIkqDao4yH5AIVCM53Ch29SgnHEAYYAiABEgJOWfD_BwE#product-tab-productbeschrijving;6;No;;1;;;;;;;;;;;;;;;;;;;;;;;;
Team office & general;Office;Tablet;E163;;;;;;;;;;;;;;;;;;;;;;;;;;;;;;;;;;;
Team office & general;Office;Tablet protection cover;E164;;;;;;;;;;;;;;;;;;;;;;;;;;;;;;;;;;;
Team office & general;Signs;Handwashing sign;E165;include symbol + space for local translation;;X;Build - Lysette;Can be printed;Wash EMT Key Materials;;;;;;;;;;;;;;;;;;;;;;;;;;;;;
Team office & general;Signs;Welcome / entrance sign;E166;include symbol + space for local translation;;X;Build - Lysette;Can be printed;;;;;;;;;;;;;;;;;;;;;;;;;;;;;;
Team office & general;Signs;Treatment sign;E167;include symbol + space for local translation;;X;Build - Lysette;Can be printed;;;;;;;;;;;;;;;;;;;;;;;;;;;;;;
Team office & general;Signs;Pharmacy sign;E168;include symbol + space for local translation;;X;Build - Lysette;Can be printed;;;;;;;;;;;;;;;;;;;;;;;;;;;;;;
Team office & general;Signs;Registration sign;E169;include symbol + space for local translation;;X;Build - Lysette;Can be printed;;;;;;;;;;;;;;;;;;;;;;;;;;;;;;
Team office & general;Signs;Triage sign;E170;include symbol + space for local translation;;;;;;;;;;;;;;;;;;;;;;;;;;;;;;;;;;
Team office & general;Signs;Isolation;E171;include symbol + space for local translation;;;;;;;;;;;;;;;;;;;;;;;;;;;;;;;;;;
Team office & general;Signs;Toilet sign;E172;include symbol + space for local translation;;X;Build - Lysette;Can be printed;;;;;;;;;;;;;;;;;;;;;;;;;;;;;;
Team office & general;Signs;Waiting area sign;E173;include symbol + space for local translation;;;;;;;;;;;;;;;;;;;;;;;;;;;;;;;;;;
Team office & general;Signs;Wash / sink sign;E174;include symbol + space for local translation;;X;Build - Lysette;Can be printed;;;;;;;;;;;;;;;;;;;;;;;;;;;;;;
Team office & general;Signs;Arrow sign;E175;include symbol + space for local translation;;;;;;;;;;;;;;;;;;;;;;;;;;;;;;;;;;
Team office & general;Signs;Exit sign;E176;include symbol + space for local translation;;X;Build - Lysette;Can be printed;;;;;;;;;;;;;;;;;;;;;;;;;;;;;;
Team office & general;Signs;RescueNet Info / contact details / rules sign;E177;include symbol + space for local translation;;X;Ready;Can be printed;;;;;;;;;;;;;;;;;;;;;;;;;;;;;;
Team office & general;Signs;Staff only sign;E178;include symbol + space for local translation;;X;Build - Lysette;Can be printed;;;;;;;;;;;;;;;;;;;;;;;;;;;;;;
Team office & general;Signs;All different SOPs;E179;include symbol + space for local translation;;;;;;;;;;;;;;;;;;;;;;;;;;;;;;;;;;
Team office & general;Signs;PPE donning;E180;include symbol + space for local translation;;;;;;;;;;;;;;;;;;;;;;;;;;;;;;;;;;
Team office & general;Signs;PPE doffing;E181;include symbol + space for local translation;;;;;;;;;;;;;;;;;;;;;;;;;;;;;;;;;;
Team office & general;Signs;No Weapons;E182;include symbol + space for local translation;;;;;;;;;;;;;;;;;;;;;;;;;;;;;;;;;;
Team office & general;Tools;Shovel foldable - small;E183;;1;1;Ready;Ready;SOG Entrenching tool;https://www.knivesandtools.nl/nl/pt/-sog-entrenching-tool-f08-n-vouwschep.htm;20;No;;1;;;;;;;;;;;;;;;;;;;;;;;;
Team office & general;Tools;Shovel foldable - large;E184;;;;;;;;;;;;;;;;;;;;;;;;;;;;;;;;;;;
Team office & general;Tools;Shovel wood;E185;;;;;;;;;;;;;;;;;;;;;;;;;;;;;;;;;;;
Team office & general;Tools;Multitool axe, crowbar, hammer, type 2;E186;;1;1;Ready;Ready;5.11 Operator axe;https://www.knivesandtools.nl/nl/pt/-5-11-operator-bijl-zwart.htm;180;No;;1;;;;;;;;;;;;;;;;;;;;;;;;
Team office & general;Tools;Saw foldable;E187;;1;1;Ready;Ready;Gerber Freescape camp;https://www.knivesandtools.nl/nl/pt/-gerber-freescape-camp-opvouwbare-zaag.htm;60;No;;0;;;;;;;;;;;;;;;;;;;;;;;;
Team office & general;Tools;Multitool axe, crowbar, type 1;E188;foldable?;;;;;;;;No;;6;;;;;;;;;;;;;;;;;;;;;;;;
Team office & general;Tools;Duct tape;E189;;6;2;Ready;Ready;;;;No;;;;;;;;;;;;;;;;;;;;;;;;;;
Team office & general;Tools;Toolbox or bag;E190;;1;1;To be sorted;Can be arranged;;;;No;;;;;;;;;;;;;;;;;;;;;;;;;;
Team office & general;Tools;General rope;E191;e.g. clotheslines;;;;;;;;No;;;;;;;;;;;;;;;;;;;;;;;;;;
Team office & general;Tools;Carabiner, non-climbing;E192;;;;;Ready;;;;No;;;;;;;;;;;;;;;;;;;;;;;;;;
Team office & general;Tools;Tie-wraps;E193;;;;;;;;;;;;;;;;;;;;;;;;;;;;;;;;;;;
Team office & general;Staff management;(velcro) sign in / out board;E194;;;;;;;;;;;;;;;;;;;;;;;;;;;;;;;;;;;
Transport;Containers;Backpack;E195;Backpacks might be easier to transport than suitcases, use the same as medical bags? Front loader. Option 2;1;2;Ready;Ready;Fjällraven Abisko 65W;https://www.fjallraven.com/eu/nl-nl/tassen-uitrusting/rugzakken-en-tassen/trekking-rugzakken?Volume=65+l;270;;;;;;;;;;;;;;;;;;;;;;;;;;;
Transport;Containers;Medical bags;E196;Open folding backpack-style bags, same backpack;2;1;Arrive from Grace;;Conterra ALS Extreme;https://www.conterra-inc.com/products/als-extreme-pack?_pos=1&_sid=4173458c4&_ss=r;400;;;;;;;;;;;6;;;;;;;;;;;;;;;;
Transport;Containers;General purpose boxes;E197;"Multipurpose, e.g. storage, table, chair.\nClick-fix turn into trailer?";2;X;Ready;"2 Ready (Gert Jan), 3 packed with trainingmaterial (Heidebeek)\n";Eurokrat 38NG full, half and quarter sizes;https://www.kruizinga.nl/stapelbak+kunststof/stapelbaar/38-ng/nieuw/38-ng64-32-s/;17;;;;;;;;;;;;;;;;;;;;;;;;;;;
Transport;Containers;Small medical bags, indexing big medical bags;E198;For storing all sorts of medical equipment, medication, etc. Clear tops, can be organized in the bigger medical bags.;;;;;;;;;;;;;;;;;;;;;;;;;;;;;;;;;;
Transport;Transport accessoires;Rachet tie;E199;For stacking boxes etc. 6 meter, Orange;;6;Ready;Can be bought;;https://www.spanbandenopmaat.nl/products/Spanband-25mm-1%2C5T-eindloos.html;2;;;;;;;;;;;;;;;;;;;;;;;;;;;
Transport;Transport accessoires;Luggage strap;E200;For closing boxes, doubling for desk. 2 meter, Blue;;16;Ready;;;https://www.spanbandenopmaat.nl/products/Bagagegordel-25mm-350kg-.html;5;;;;;;;;;;;;;;;;;;;;;;;;;;;
Transport;Transport accessoires;Cargo net;E201;;;;;;;;;;;;;;;;;;;;;;;;;;;;;;;;;;;
Waste;Waste collection;Pedal bin;E202;foldable Ortlieb bucket -> higher?;;;Ready;;;;;;;;;;;;;;;;;;;;;;;;;;;;;;;
Waste;Waste collection;Medications waste bags;E203;BLUE color;;;;?;;;;;;;;;;;;;;;;;;;;;;;;;;;;;;
Waste;Waste collection;Seals for waste bags;E204;;;;;?;;;;;;;;;;;;;;;;;;;;;;;;;;;;;;
Waste;Waste collection;Contaminated waste bags;E205;YELLOW color - autoclavable?;;50;Ready;?;;https://www.amazon.nl/gp/product/B00O15FUAA/ref=ox_sc_act_title_1?smid=A17D2BRD4YMT0X&psc=1;0;;;;;;;;;;;;;;;;;;;;;;;;;;;
Waste;Waste collection;Foldable multi-opening sharps containers;E206;RED color;;X;Build;?;;;;;;;;;;;;;;;;;;;;;;;;;;;;;;
Waste;Waste collection;Storage box for rubbish bags;E207;1 per waste category? Prevent animals / children to touch the collected waste;;;;Re-use transport box;;;;;;;;;;;;;;;;;;;;;;;;;;;;;;
Waste;Waste collection;Heavy duty general rubbish bags;E208;10 liters? BLACK color;25;;;Can be bought;;Supermarkt;;;;;;;;;;;;;;;;;;;;;;;;;;;;
Waste;Waste treatment;Autoclave;E209;;1;?;;;;;;;;;;;;;;;;;;;;;;;;;;;;;;;;
Waste;Waste treatment;Concrete;E210;For burial of medication, sharps;;;Ready;Can be bought;;Bouwmarkt;;;;;;;;;;;;;;;;;;;;;;;;;;;;
Water;Safe water distribution - Basecamp;Expansion tank;E211;"20-30 liters, to start providing water when required\nBladder possible?";;;;;;;;;;;;;;;;;;;;;;;;;;;;;;;;;;
Water;Safe water distribution - Basecamp;Safe water bladder stand;E212;E.g. 1 meter high, to provide pressure for distribution;;;;;;;;;;;;;;;;;;;;;;;;;;;;;;;;;;
Water;Safe water distribution - Basecamp;Safe water pump;E213;"Household shower: 1.5 bar / 20 psi, 7 liters/minute\nBlubag small pump: 12V, 5A, 45 psi, 11 liters/minute";;;;;Blubag small pump;http://www.blubag.com.au/products/blubag-accessories/;;;;;;;;;;;;;;;;;;;;;;;;;;;;
Water;Safe water distribution - Basecamp;Safe water tap;E214;;;;;;;;;;;;;;;;;;;;;;;;;;;;;;;;;;;
Water;Safe water distribution - Basecamp;Safe water tap connector / stand;E215;;;;;;;;;;;;;;;;;;;;;;;;;;;;;;;;;;;
Water;Safe water distribution - Basecamp;Safe water valve;E216;Foot- or hand operated;;;;;;;;;;;;;;;;;;;;;;;;;;;;;;;;;;
Water;Safe water distribution - Basecamp;Hoses and connectors;E217;;;;;;;;;;;;;;;;;;;;;;;;;;;;;;;;;;;
Water;Safe water distribution - Mobile clinic;Safe water tap;E218;;;X;R&D ***;;;;;;;;;;;;;;;;;;;;;;;;;;;;;;;
Water;Safe water distribution - Mobile clinic;Safe water tap connector / stand;E219;Combine with sink;;X;R&D ***;;;;;;;;;;;;;;;;;;;;;;;;;;;;;;;
Water;Safe water distribution - Mobile clinic;Safe water valve / pump;E220;Foot operated;;4;Ready;;Whale GP4618 babyfoot MK2;https://www.nauticashop.nl/whale-drinkwatersystemen/56484-gp4618-whale-voetpomp-babyfoot-galley-766478461803.html;39;;;;;;;;;;;;;;;;;;;;;;;;;;;
Water;Safe water distribution - Mobile clinic;Filter out hose D8 x 40 mm;E221;;;;;;;https://smoldersbv.nl/gas-lucht-en-watertechniek/slangen/voedsel-slangen/vitryl-siliconenslang/;;;;;;;;;;;;;;;;;;;;;;;;;;;;
Water;Safe water distribution - Mobile clinic;Adapter D8 - D12;E222;;;;;;;https://smoldersbv.nl/gas-lucht-en-watertechniek/slangkoppelingen/slangverbinders/normaplast-polyamide-verloopstuk-2x-slangtule/;;;;;;;;;;;;;;;;;;;;;;;;;;;;
Water;Safe water distribution - Mobile clinic;Hose 1 D13 x 500? - pump to T adapter;E223;;;;;;;https://smoldersbv.nl/gas-lucht-en-watertechniek/slangen/waterslangen/profiline-aqua-drinkwaterslang/;;;;;;;;;;;;;;;;;;;;;;;;;;;;
Water;Safe water distribution - Mobile clinic;T adapter D12;E224;Alt. https://smoldersbv.nl/gas-lucht-en-watertechniek/slangkoppelingen/slangverbinders/normaplast-polyamide-y-stuk-3x-slangtule/;;;;;;https://smoldersbv.nl/gas-lucht-en-watertechniek/slangkoppelingen/slangverbinders/normaplast-polyamide-t-stuk-90-3x-slangtule/;;;;;;;;;;;;;;;;;;;;;;;;;;;;
Water;Safe water distribution - Mobile clinic;Hose 2 D13 x 100? - T adapter to water bladder;E225;;;;;;;https://smoldersbv.nl/gas-lucht-en-watertechniek/slangen/waterslangen/profiline-aqua-drinkwaterslang/;;;;;;;;;;;;;;;;;;;;;;;;;;;;
Water;Safe water distribution - Mobile clinic;Hose 3 D13 x 300? - T adapter to water punp;E226;;;;;;;https://smoldersbv.nl/gas-lucht-en-watertechniek/slangen/waterslangen/profiline-aqua-drinkwaterslang/;;;;;;;;;;;;;;;;;;;;;;;;;;;;
Water;Safe water distribution - Mobile clinic;Hose 4 D13 x 1250? - Water pump to tap;E227;;;;;;;https://smoldersbv.nl/gas-lucht-en-watertechniek/slangen/waterslangen/profiline-aqua-drinkwaterslang/;;;;;;;;;;;;;;;;;;;;;;;;;;;;
Water;Safe water storage - Basecamp;Safe water bladder;E228;1000 liters;2;;;;;;;;;"0,8\n1";;;;;;;;;;;;;;;;;;;;;;;;
Water;Safe water storage - Mobile clinic;Safe water bladder;E229;;;4;Ready;;Ortlieb water-bag 10L;TCK Sports;17;;;;;;;;;;;;;;;;;;;;;;;;;;;
Water;Water;Bottled water;E230;as backup in case there is no water available. 5 liter per team member?;;;;;;;;;;;;;;;;;;;;;;;;;;;;;;;;;;
Water;Water treatment - Basecamp;Water fillter motor / pump;E231;For MSR Guardian ;;;;;;;;;;;;;;;;;;;;;;;;;;;;;;;;;;
Water;Water treatment - Basecamp;Water filter set;E232;"From suction from source to filter to UV light, 3.8 liters / min.\n12V, 3A, no battery\nIncl replacement parts";;;;;https://www.aqua-sun-intl.com/responder-a-word.html;;;No;;20;;;;;;;;;;;;;;;;;;;;;;;;
Water;Water treatment - Basecamp;Onion tank;E233;1000 liters - 2 full days capacity;4;;;;"http://biabint.se/product/collapsible-onion-water-tank/\nhttp://www.molatank.com/china-mola_tank_500l_10_000l_pillow_water_tank_onion_water_storage_tank_pvc_open_top_water_tank-7696324.html\nhttps://www.zwerfkei.nl/product/ortlieb-wasbekken-met-greep";;;;;"7,5\n6,5";;;;;;;;;;;;;;;;;;;;;;;;
Water;Water treatment - Basecamp;Turbidity tube / testing;E234;;1;;;;;https://www.butylproducts.co.uk/product/turbidity-tube/;;;;0;;;;;;;;;;;;;;;;;;;;;;;;
Water;Water treatment - Basecamp;Raw water pump;E235;"Mains, battery or HUMAN powered? \nGREY / YELLOW color";;;;;;;;;;;;;;;;;;;;;;;;;;;;;;;;;;
Water;Water treatment - Basecamp;Raw water hose + connectors;E236;GREY / YELLOW color;;;;;;;;;;;;;;;;;;;;;;;;;;;;;;;;;;
Water;Water treatment - Basecamp;Raw water intake filter / foot valve;E237;GREY / YELLOW color;;;;;;;;;;;;;;;;;;;;;;;;;;;;;;;;;;
Water;Water treatment - Basecamp;Multiple water tester;E238;For NO2/Fe/SO4, conductivity/pH/temp;;;;;Hanna Instruments;;;;;;;;;;;;;;;;;;;;;;;;;;;;;
Water;Water treatment - Basecamp;Jar 1 liter;E239;;5;;;;;;;;;;;;;;;;;;;;;;;;;;;;;;;;;
Water;Water treatment - Basecamp;Digital scale;E240;;;;;;;;;;;;;;;;;;;;;;;;;;;;;;;;;;;
Water;Water treatment - Basecamp;Stirrer;E241;;5;;;;;;;;;;;;;;;;;;;;;;;;;;;;;;;;;
Water;Water treatment - Basecamp;AlSO4 tank;E242;;;;;;;;;;;;;;;;;;;;;;;;;;;;;;;;;;;
Water;Water treatment - Basecamp;Control valve for AlSO4 tank;E243;;;;;;;;;;;;;;;;;;;;;;;;;;;;;;;;;;;
Water;Water treatment - Basecamp;T junction for AlSO4 tank;E244;;;;;;;;;;;;;;;;;;;;;;;;;;;;;;;;;;;
Water;Water treatment - Basecamp;Elbow inlet tube;E245;;;;;;;;;;;;;;;;;;;;;;;;;;;;;;;;;;;
Water;Water treatment - Basecamp;Onion tank stand;E246;E.g. 3 meters high;;;;;;;;;;;;;;;;;;;;;;;;;;;;;;;;;;
Water;Water treatment - Basecamp;Pre-treated water hose + connectors;E247;;;;;;;;;;;;;;;;;;;;;;;;;;;;;;;;;;;
Water;Water treatment - Basecamp;Water filter pump;E248;If onion tank is NOT on tank stand;;;;;;;;;;;;;;;;;;;;;;;;;;;;;;;;;;
Water;Water treatment - Basecamp;Post-treated chlorine addition tank;E249;;;;;;;;;;;;;;;;;;;;;;;;;;;;;;;;;;;
Water;Water treatment - Basecamp;NaOCl powder;E250;;;;;;;;;;;;;;;;;;;;;;;;;;;;;;;;;;;
Water;Water treatment - Basecamp;Venturi tube / valve for chlorine tank;E251;;;;;;;;;;;;;;;;;;;;;;;;;;;;;;;;;;;
Water;Water treatment - Basecamp;Jar 10 liter;E252;Smaller possible?;;;;;;;;;;;;;;;;;;;;;;;;;;;;;;;;;;
Water;Water treatment - Basecamp;Pool tester strip;E253;;;;;;;;;;;;;;;;;;;;;;;;;;;;;;;;;;;
Water;Water treatment - Basecamp;Safe water hose + connector;E254;;;;;;;;;;;;;;;;;;;;;;;;;;;;;;;;;;;
Water;Water treatment - Mobile clinic;Water filter - option 2;E255;;10;1;Ready;1 Available, but is also required for testing waterfilter setup at Gert Jan's place. Open for discussion.;MSR Guardian;CJ importeur;370;;;;;;;;;;;;;;;;;;;;;;;;;;;
Water;Water treatment - Mobile clinic;Water filter - replacement filter;E256;;10;;;;;;;;;;;;;;;;;;;;;;;;;;;;;;;;;
Water;Water treatment - Mobile clinic;Setup 1: feed-in elbow D8;E257;;;;;;8 mm;;;;;;;;;;;;;;;;;;;;;;;;;;;;;
Water;Water treatment - Mobile clinic;Setup 1: feed-in hoses D8. 2 x 40 mm;E258;;;;;;;https://smoldersbv.nl/gas-lucht-en-watertechniek/slangen/voedsel-slangen/vitryl-siliconenslang/;;;;;;;;;;;;;;;;;;;;;;;;;;;;
Water;Water treatment - Mobile clinic;Setup 1: feed-in adapter D8 - D10 mm;E259;;;;;;;https://smoldersbv.nl/gas-lucht-en-watertechniek/slangkoppelingen/slangverbinders/normaplast-polyamide-verloopstuk-2x-slangtule/;;;;;;;;;;;;;;;;;;;;;;;;;;;;
Water;Water treatment - Mobile clinic;Setup 1: feed-in hose D10. 1 x 40 mm;E260;;;;;;;https://smoldersbv.nl/gas-lucht-en-watertechniek/slangen/voedsel-slangen/vitryl-siliconenslang/;;;;;;;;;;;;;;;;;;;;;;;;;;;;
Water;Water treatment - Mobile clinic;Setup 2: feed-in adapter D6 - D10;E261;;;;;;;https://smoldersbv.nl/gas-lucht-en-watertechniek/slangkoppelingen/slangverbinders/normaplast-polyamide-verloopstuk-2x-slangtule/;;;;;;;;;;;;;;;;;;;;;;;;;;;;
Water;Water treatment - Mobile clinic;Setup 2: feed-in hose D10. 1 x 1250 mm? - shorter for less friction & weight?;E262;;;;;;;https://smoldersbv.nl/gas-lucht-en-watertechniek/slangen/voedsel-slangen/vitryl-siliconenslang/;;;;;;;;;;;;;;;;;;;;;;;;;;;;
Water;Water treatment - Mobile clinic;Setup 2: return hose D5. 1 x 1250? - shorter for less friction & weight;E263;;;;;;;https://smoldersbv.nl/gas-lucht-en-watertechniek/slangen/voedsel-slangen/cristallo-transparante-slang/;;;;;;;;;;;;;;;;;;;;;;;;;;;;
Water;Water treatment - Mobile clinic;Chlorine addition?;E264;0.5 - 1 mg/L FRC (free residual chlorine);;;;;;;;;;;;;;;;;;;;;;;;;;;;;;;;;;
Water;Water treatment - Mobile clinic;Chlorine pump hose: D3/7 mm?;E265;;;;;;Alt. https://smoldersbv.nl/gas-lucht-en-watertechniek/slangen/voedsel-slangen/cristallo-transparante-slang/;https://smoldersbv.nl/gas-lucht-en-watertechniek/slangen/voedsel-slangen/vitryl-siliconenslang/;;;;;;;;;;;;;;;;;;;;;;;;;;;;
Water;Water treatment - Mobile clinic;T adapter D8 - D4/3?;E266;;;;;;;https://smoldersbv.nl/gas-lucht-en-watertechniek/slangkoppelingen/slangverbinders/normaplast-polyamide-verloop-t-stuk-90-3x-slangtule/;;;;;;;;;;;;;;;;;;;;;;;;;;;;
Water;Water treatment - Mobile clinic;Adapter D3 - D4/8?;E267;;;;;;;https://smoldersbv.nl/gas-lucht-en-watertechniek/slangkoppelingen/slangverbinders/normaplast-polyamide-verloopstuk-2x-slangtule/;;;;;;;;;;;;;;;;;;;;;;;;;;;;
Water;Water treatment - Mobile clinic;Setup 2: feed-in hose D6 x 40 mm;E268;;;;;;;https://smoldersbv.nl/gas-lucht-en-watertechniek/slangen/voedsel-slangen/vitryl-siliconenslang/;;;;;;;;;;;;;;;;;;;;;;;;;;;;
Water;Water distribution;Disposable cups for patients;E269;;;;;;;;;;;;;;;;;;;;;;;;;;;;;;;;;;;
Medical supplies;PPE;Gloves, large box;E270;box;10;;;;;Lagaay;;;;;;;;;;;;;;;;;;;;;;;;;;;;
Medical supplies;PPE;Gloves, medium box;E271;box;10;;;;;Lagaay;;;;;;;;;;;;;;;;;;;;;;;;;;;;
Medical supplies;PPE;Gloves, small box;E272;box;6;;;;;Lagaay;;;;;;;;;;;;;;;;;;;;;;;;;;;;
Medical supplies;PPE;Gloves, extra-large box;E273;box;10;;;;;Lagaay;;;;;;;;;;;;;;;;;;;;;;;;;;;;
Medical supplies;PPE;Gloves, sterile 6.5;E274;single set;10;;;;;Lagaay;;;;;;;;;;;;;;;;;;;;;;;;;;;;
Medical supplies;PPE;Gloves, sterile 7;E275;single set;10;;;;;Lagaay;;;;;;;;;;;;;;;;;;;;;;;;;;;;
Medical supplies;PPE;Gloves, sterile 7.5;E276;single set;10;;;;;Lagaay;;;;;;;;;;;;;;;;;;;;;;;;;;;;
Medical supplies;PPE;Gloves, sterile 8;E277;single set;10;;;;;Lagaay;;;;;;;;;;;;;;;;;;;;;;;;;;;;
Medical supplies;PPE;Eye protection, goggles;E278;unit;10;;;;;Lagaay;;;;;;;;;;;;;;;;;;;;;;;;;;;;
Medical supplies;PPE;Surgical mask with face protection;E279;unit;30;;;;;Lagaay;;;;;;;;;;;;;;;;;;;;;;;;;;;;
Medical supplies;PPE;N95 Mask (regular);E280;unit;10;;;;;Lagaay;;;;;;;;;;;;;;;;;;;;;;;;;;;;
Medical supplies;PPE;N95 Mask (small);E281;unit;10;;;;;Lagaay;;;;;;;;;;;;;;;;;;;;;;;;;;;;
Medical supplies;PPE;Non-sterile yellow cover gowns;E282;unit;40;;;;;Lagaay;;;;;;;;;;;;;;;;;;;;;;;;;;;;
Medical supplies;PPE;Personal Hand Alcohol Based Hand Sanitizer;E283;unit;10;;;;;Lagaay;;;;;;;;;;;;;;;;;;;;;;;;;;;;
Medical supplies;PPE;Baby Wipes (box);E284;unit;5;;;;;Lagaay;;;;;;;;;;;;;;;;;;;;;;;;;;;;
Medical supplies;Waste and cleaning;Biohazard Waste Bags;E285;unit;10;;;;;Lagaay;;;;;;;;;;;;;;;;;;;;;;;;;;;;
Medical supplies;Waste and cleaning;Disposable surgical drapes;E286;unit;5;;;;;Lagaay;;;;;;;;;;;;;;;;;;;;;;;;;;;;
Medical supplies;Waste and cleaning;Germicidal disposal wipes (canister);E287;canister;20;;;;;Lagaay;;;;;;;;;;;;;;;;;;;;;;;;;;;;
Medical supplies;Waste and cleaning;Chlorine tabs (for disinfection);E288;tab;30;;;;;Lagaay;;;;;;;;;;;;;;;;;;;;;;;;;;;;
Medical supplies;Diagnostics;Thermometer;E289;unit;5;;;;;Lagaay;;;;;;;;;;;;;;;;;;;;;;;;;;;;
Medical supplies;Diagnostics;Thermometer covers;E290;250/box;4;;;;;Lagaay;;;;;;;;;;;;;;;;;;;;;;;;;;;;
Medical supplies;Diagnostics;BP cuff, pediatric;E291;unit;4;;;;;Lagaay;;;;;;;;;;;;;;;;;;;;;;;;;;;;
Medical supplies;Diagnostics;BP cuff, adult;E292;unit;4;;;;;Lagaay;;;;;;;;;;;;;;;;;;;;;;;;;;;;
Medical supplies;Diagnostics;Pulse oximeter;E293;unit;4;;;;;Lagaay;;;;;;;;;;;;;;;;;;;;;;;;;;;;
Medical supplies;Diagnostics;Otoscope/Ophthalmoscope;E294;unit;2;;;;;Lagaay;;;;;;;;;;;;;;;;;;;;;;;;;;;;
Medical supplies;Diagnostics;Batteries for oto-ophthalmoscope (2 packs);E295;pack;4;;;;;Lagaay;;;;;;;;;;;;;;;;;;;;;;;;;;;;
Medical supplies;Diagnostics;Glucometer;E296;unit;2;;;;;Lagaay;;;;;;;;;;;;;;;;;;;;;;;;;;;;
Medical supplies;Diagnostics;Glucometer Test Strips (Box of 50);E297;box;4;;;;;Lagaay;;;;;;;;;;;;;;;;;;;;;;;;;;;;
Medical supplies;Diagnostics;Glucometer Lancets (Box of 100);E298;box;2;;;;;Lagaay;;;;;;;;;;;;;;;;;;;;;;;;;;;;
Medical supplies;Diagnostics;Hemocult card (Box of 50);E299;box;1;;;;;Lagaay;;;;;;;;;;;;;;;;;;;;;;;;;;;;
Medical supplies;HEMORRHAGE CONTROL;Hemostatic Gauze;E300;unit;2;;;;;Lagaay;;;;;;;;;;;;;;;;;;;;;;;;;;;;
Medical supplies;HEMORRHAGE CONTROL;SOFTT-W Tourniquet;E301;unit;10;;;;;Lagaay;;;;;;;;;;;;;;;;;;;;;;;;;;;;
Medical supplies;Wound care;Bandage, elastic, 7.5 cm x 5 m, roll;E302;unit;5;;;;;Lagaay;;;;;;;;;;;;;;;;;;;;;;;;;;;;
Medical supplies;Wound care;Gauze, sterile 4 x 4 cm;E303;packet;10;;;;;Lagaay;;;;;;;;;;;;;;;;;;;;;;;;;;;;
Medical supplies;Wound care;Gauze, nonsterile 4 x 4 (50 per pack);E304;pack;5;;;;;Lagaay;;;;;;;;;;;;;;;;;;;;;;;;;;;;
Medical supplies;Wound care;Gauze, nonsterile 2 x 2 (50 per pack);E305;pack;5;;;;;Lagaay;;;;;;;;;;;;;;;;;;;;;;;;;;;;
Medical supplies;Wound care;Bandage, gauze, 8 cm x 4 m, roll;E306;unit;50;;;;;Lagaay;;;;;;;;;;;;;;;;;;;;;;;;;;;;
Medical supplies;Wound care;Compress, gauze, 10 cm x 10 cm;E307;unit;50;;;;;Lagaay;;;;;;;;;;;;;;;;;;;;;;;;;;;;
Medical supplies;Wound care;Suture Sets (needle holder, forceps, suture scissors);E308;unit;10;;;;;Lagaay;;;;;;;;;;;;;;;;;;;;;;;;;;;;
Medical supplies;Wound care;Sutures - Polysorb or Vicry, 4-0;E309;unit;20;;;;;Lagaay;;;;;;;;;;;;;;;;;;;;;;;;;;;;
Medical supplies;Wound care;Sutures - Monosoft 5-0;E310;unit;5;;;;;Lagaay;;;;;;;;;;;;;;;;;;;;;;;;;;;;
Medical supplies;Wound care;Sutures - Prolene 3-0;E311;unit;20;;;;;Lagaay;;;;;;;;;;;;;;;;;;;;;;;;;;;;
Medical supplies;Wound care;Suture Removal Kit;E312;unit;10;;;;;Lagaay;;;;;;;;;;;;;;;;;;;;;;;;;;;;
Medical supplies;Wound care;Staplers (small size);E313;unit;10;;;;;Lagaay;;;;;;;;;;;;;;;;;;;;;;;;;;;;
Medical supplies;Wound care;Staple remover;E314;unit;5;;;;;Lagaay;;;;;;;;;;;;;;;;;;;;;;;;;;;;
Medical supplies;Wound care;Steristrips;E315;unit;25;;;;;Lagaay;;;;;;;;;;;;;;;;;;;;;;;;;;;;
Medical supplies;Wound care;Skin Adhesive Dermabond;E316;unit;10;;;;;Lagaay;;;;;;;;;;;;;;;;;;;;;;;;;;;;
Medical supplies;Wound care;Incision and Drainage Kit (#11 scalpel, curved hemostat, gauze);E317;unit;10;;;;;Lagaay;;;;;;;;;;;;;;;;;;;;;;;;;;;;
Medical supplies;Wound care;Betadine 8oz bottle;E318;bottle;5;;;;;Lagaay;;;;;;;;;;;;;;;;;;;;;;;;;;;;
Medical supplies;Wound care;Chlorhexidine individual brush set;E319;unit;10;;;;;Lagaay;;;;;;;;;;;;;;;;;;;;;;;;;;;;
Medical supplies;Wound care;Blade/Knife 11;E320;box;1;;;;;Lagaay;;;;;;;;;;;;;;;;;;;;;;;;;;;;
Medical supplies;Wound care;Blade/Knife 10;E321;box;1;;;;;Lagaay;;;;;;;;;;;;;;;;;;;;;;;;;;;;
Medical supplies;Wound care;Iodoform wound packing 1/2 inch;E322;bottle;1;;;;;Lagaay;;;;;;;;;;;;;;;;;;;;;;;;;;;;
Medical supplies;Wound care;Silk tape (white);E323;roll;10;;;;;Lagaay;;;;;;;;;;;;;;;;;;;;;;;;;;;;
Medical supplies;Wound care;Syringe 60 cc;E324;unit;10;;;;;Lagaay;;;;;;;;;;;;;;;;;;;;;;;;;;;;
Medical supplies;Wound care;Splash guard;E325;unit;10;;;;;Lagaay;;;;;;;;;;;;;;;;;;;;;;;;;;;;
Medical supplies;Wound care;Liquid adhesive (3cc vials);E326;vial;20;;;;;Lagaay;;;;;;;;;;;;;;;;;;;;;;;;;;;;
Medical supplies;Wound care;Lubricated jelly (small packet);E327;packet;20;;;;;Lagaay;;;;;;;;;;;;;;;;;;;;;;;;;;;;
Medical supplies;Wound care;Isopropyl alcohol 1pint bottle;E328;bottle;1;;;;;Lagaay;;;;;;;;;;;;;;;;;;;;;;;;;;;;
Medical supplies;Wound care;Tape, clear;E329;roll;20;;;;;Lagaay;;;;;;;;;;;;;;;;;;;;;;;;;;;;
Medical supplies;Gi / Gu;Urine collecting bag, 2L;E330;unit;2;;;;;Lagaay;;;;;;;;;;;;;;;;;;;;;;;;;;;;
Medical supplies;Gi / Gu;Foley catheter 18F;E331;unit;5;;;;;Lagaay;;;;;;;;;;;;;;;;;;;;;;;;;;;;
Medical supplies;Gi / Gu;Pregnancy tests;E332;bottle (50 testing strips/ bottle);2;;;;;Lagaay;;;;;;;;;;;;;;;;;;;;;;;;;;;;
Medical supplies;Gi / Gu;Urine dipsticks;E333;bottle;5;;;;;Lagaay;;;;;;;;;;;;;;;;;;;;;;;;;;;;
Medical supplies;Gi / Gu;Urine collecting cup;E334;cup;100;;;;;Lagaay;;;;;;;;;;;;;;;;;;;;;;;;;;;;
Medical supplies;Gi / Gu;Doptone;E335;unit;1;;;;;Lagaay;;;;;;;;;;;;;;;;;;;;;;;;;;;;
Medical supplies;Gi / Gu;Measuring Tape;E336;unit;5;;;;;Lagaay;;;;;;;;;;;;;;;;;;;;;;;;;;;;
Medical supplies;Gi / Gu;NG Tube;E337;unit;2;;;;;Lagaay;;;;;;;;;;;;;;;;;;;;;;;;;;;;
Medical supplies;Heent / Dental;Merocel Nasal Tampon;E338;unit;5;;;;;Lagaay;;;;;;;;;;;;;;;;;;;;;;;;;;;;
Medical supplies;Heent / Dental;Ear wick;E339;unit;5;;;;;Lagaay;;;;;;;;;;;;;;;;;;;;;;;;;;;;
Medical supplies;Heent / Dental;Eye shield/patch;E340;unit;5;;;;;Lagaay;;;;;;;;;;;;;;;;;;;;;;;;;;;;
Medical supplies;Heent / Dental;Cotton tip swab (box);E341;box;2;;;;;Lagaay;;;;;;;;;;;;;;;;;;;;;;;;;;;;
Medical supplies;Heent / Dental;Tongue Depressors (box);E342;box;2;;;;;Lagaay;;;;;;;;;;;;;;;;;;;;;;;;;;;;
Medical supplies;Heent / Dental;Morgan Lense;E343;unit;2;;;;;Lagaay;;;;;;;;;;;;;;;;;;;;;;;;;;;;
Medical supplies;Heent / Dental;Silver Nitrate;E344;container;1;;;;;Lagaay;;;;;;;;;;;;;;;;;;;;;;;;;;;;
Medical supplies;Trauma;Pelvic Binder;E345;unit;1;;;;;Lagaay;;;;;;;;;;;;;;;;;;;;;;;;;;;;
Medical supplies;Trauma;Triage Tags (SALT);E346;unit;100;;;;;Lagaay;;;;;;;;;;;;;;;;;;;;;;;;;;;;
Medical supplies;Trauma;Ace wrap, 4 inch;E347;unit;20;;;;;Lagaay;;;;;;;;;;;;;;;;;;;;;;;;;;;;
Medical supplies;Trauma;Kerlex 4 x 4 - 1/8;E348;unit;5;;;;;Lagaay;;;;;;;;;;;;;;;;;;;;;;;;;;;;
Medical supplies;Trauma;"Abdomen Pads (8""x10"")";E349;unit;10;;;;;Lagaay;;;;;;;;;;;;;;;;;;;;;;;;;;;;
Medical supplies;Trauma;Coban;E350;unit;5;;;;;Lagaay;;;;;;;;;;;;;;;;;;;;;;;;;;;;
Medical supplies;Trauma;Xerform;E351;unit;10;;;;;Lagaay;;;;;;;;;;;;;;;;;;;;;;;;;;;;
Medical supplies;Trauma;Cautery cordless, disposable;E352;unit;1;;;;;Lagaay;;;;;;;;;;;;;;;;;;;;;;;;;;;;
Medical supplies;Trauma;Sam Splint Standard;E353;unit;10;;;;;Lagaay;;;;;;;;;;;;;;;;;;;;;;;;;;;;
Medical supplies;Trauma;Triangle Bandage;E354;unit;10;;;;;Lagaay;;;;;;;;;;;;;;;;;;;;;;;;;;;;
Medical supplies;Trauma;Ambu Perfit ACE Adjustable C-Collar Adult;E355;c-collar;10;;;;;Lagaay;;;;;;;;;;;;;;;;;;;;;;;;;;;;
Medical supplies;Trauma;Ambu Perfit ACE Adjustable C-Collar Pediatric;E356;c-collar;10;;;;;Lagaay;;;;;;;;;;;;;;;;;;;;;;;;;;;;
Medical supplies;Trauma;"Ortho Glass 3 (3""x15')";E357;box;1;;;;;Lagaay;;;;;;;;;;;;;;;;;;;;;;;;;;;;
Medical supplies;Trauma;"Ortho Glass 5 (5""x15')";E358;box;1;;;;;Lagaay;;;;;;;;;;;;;;;;;;;;;;;;;;;;
Medical supplies;Trauma;Sam Splints (large);E359;unit;10;;;;;Lagaay;;;;;;;;;;;;;;;;;;;;;;;;;;;;
Medical supplies;Trauma;Speed Splints;E360;unit;2;;;;;Lagaay;;;;;;;;;;;;;;;;;;;;;;;;;;;;
Medical supplies;Trauma;Crutches;E361;set;4;;;;;Lagaay;;;;;;;;;;;;;;;;;;;;;;;;;;;;
Medical supplies;Pulmonology;MDI Spacer;E362;unit;20;;;;;Lagaay;;;;;;;;;;;;;;;;;;;;;;;;;;;;
Medical supplies;Pulmonology;OPA size 0 infant;E363;OPA;5;;;;;Lagaay;;;;;;;;;;;;;;;;;;;;;;;;;;;;
Medical supplies;Pulmonology;OPA size 1 pediatric;E364;OPA;5;;;;;Lagaay;;;;;;;;;;;;;;;;;;;;;;;;;;;;
Medical supplies;Pulmonology;OPA size 2 small adult;E365;OPA;5;;;;;Lagaay;;;;;;;;;;;;;;;;;;;;;;;;;;;;
Medical supplies;Pulmonology;OPA size 3 medium adult;E366;OPA;5;;;;;Lagaay;;;;;;;;;;;;;;;;;;;;;;;;;;;;
Medical supplies;Pulmonology;OPA size 4 adult;E367;OPA;5;;;;;Lagaay;;;;;;;;;;;;;;;;;;;;;;;;;;;;
Medical supplies;Pulmonology;OPA size 5 large adult;E368;OPA;5;;;;;Lagaay;;;;;;;;;;;;;;;;;;;;;;;;;;;;
Medical supplies;Pulmonology;NPA 20 Fr;E369;NPA;5;;;;;Lagaay;;;;;;;;;;;;;;;;;;;;;;;;;;;;
Medical supplies;Pulmonology;NPA 24 Fr;E370;NPA;5;;;;;Lagaay;;;;;;;;;;;;;;;;;;;;;;;;;;;;
Medical supplies;Pulmonology;NPA 28 Fr;E371;NPA;5;;;;;Lagaay;;;;;;;;;;;;;;;;;;;;;;;;;;;;
Medical supplies;Pulmonology;NPA 32 Fr;E372;NPA;5;;;;;Lagaay;;;;;;;;;;;;;;;;;;;;;;;;;;;;
Medical supplies;Pulmonology;NPA 34 Fr;E373;NPA;10;;;;;Lagaay;;;;;;;;;;;;;;;;;;;;;;;;;;;;
Medical supplies;Pulmonology;NPA 36 Fr;E374;NPA;10;;;;;Lagaay;;;;;;;;;;;;;;;;;;;;;;;;;;;;
Medical supplies;Pulmonology;Bag Mask Valve (BVM) Adult;E375;BVM (with mask);2;;;;;Lagaay;;;;;;;;;;;;;;;;;;;;;;;;;;;;
Medical supplies;Pulmonology;BVM Pediatric;E376;BVM (with mask);2;;;;;Lagaay;;;;;;;;;;;;;;;;;;;;;;;;;;;;
Medical supplies;Pulmonology;BVM Infant;E377;BVM (with mask);2;;;;;Lagaay;;;;;;;;;;;;;;;;;;;;;;;;;;;;
Medical supplies;Access / IVF;IV catheter, 18G;E378;unit;25;;;;;Lagaay;;;;;;;;;;;;;;;;;;;;;;;;;;;;
Medical supplies;Access / IVF;IV catheter, 20G;E379;unit;10;;;;;Lagaay;;;;;;;;;;;;;;;;;;;;;;;;;;;;
Medical supplies;Access / IVF;IV catheter, 22G;E380;unit;25;;;;;Lagaay;;;;;;;;;;;;;;;;;;;;;;;;;;;;
Medical supplies;Access / IVF;IV catheter, 24G;E381;unit;10;;;;;Lagaay;;;;;;;;;;;;;;;;;;;;;;;;;;;;
Medical supplies;Access / IVF;Needle 18G;E382;unit;25;;;;;Lagaay;;;;;;;;;;;;;;;;;;;;;;;;;;;;
Medical supplies;Access / IVF;Needle 27G;E383;unit;25;;;;;Lagaay;;;;;;;;;;;;;;;;;;;;;;;;;;;;
Medical supplies;Access / IVF;Syringes 1cc;E384;unit;25;;;;;Lagaay;;;;;;;;;;;;;;;;;;;;;;;;;;;;
Medical supplies;Access / IVF;Syringes 3cc;E385;unit;25;;;;;Lagaay;;;;;;;;;;;;;;;;;;;;;;;;;;;;
Medical supplies;Access / IVF;Syringes 10cc;E386;unit;50;;;;;Lagaay;;;;;;;;;;;;;;;;;;;;;;;;;;;;
Medical supplies;Access / IVF;IV start kit;E387;kit;50;;;;;Lagaay;;;;;;;;;;;;;;;;;;;;;;;;;;;;
Medical supplies;Access / IVF;IV tubing set;E388;set;50;;;;;Lagaay;;;;;;;;;;;;;;;;;;;;;;;;;;;;
Medical supplies;Access / IVF;Alcohol pads (box);E389;box;2;;;;;Lagaay;;;;;;;;;;;;;;;;;;;;;;;;;;;;
Medical supplies;Access / IVF;Cook IO Needle Adult;E390;IO needle;5;;;;;Lagaay;;;;;;;;;;;;;;;;;;;;;;;;;;;;
Medical supplies;Access / IVF;Cook IO Needle Pediatric;E391;IO needle;5;;;;;Lagaay;;;;;;;;;;;;;;;;;;;;;;;;;;;;
Medical supplies;Access / IVF;Cook IO Needle Indfant;E392;IO needle;5;;;;;Lagaay;;;;;;;;;;;;;;;;;;;;;;;;;;;;
Medical supplies;Other;Narcotic Lockbox;E393;unit;box;;;;;Lagaay;;;;;;;;;;;;;;;;;;;;;;;;;;;;
Medical supplies;Other;Razor;E394;unit;3;;;;;Lagaay;;;;;;;;;;;;;;;;;;;;;;;;;;;;
Medical supplies;Other;White Body Bags;E395;body bag;5;;;;;Lagaay;;;;;;;;;;;;;;;;;;;;;;;;;;;;
Medical supplies;Other;Blankets;E396;unit;5;;;;;Lagaay;;;;;;;;;;;;;;;;;;;;;;;;;;;;
Medical supplies;Other;Point-of-Care Handheld Ultrasound Machine (optional);E397;unit;1;;;;;Lagaay;;;;;;;;;;;;;;;;;;;;;;;;;;;;
Medical supplies;Other;Ultrasound gel (optional);E398;bottle;2;;;;;Lagaay;;;;;;;;;;;;;;;;;;;;;;;;;;;;
Medical supplies;Other;Autoclave;E399;unit;1;;;;;Lagaay;;;;;;;;;;;;;;;;;;;;;;;;;;;;
Medical supplies;Other;Cooling Case/Cold Chain;E400;unit;1;;;;;Lagaay;;;;;;;;;;;;;;;;;;;;;;;;;;;;
Medical supplies;Other;MUAC (mid upper arm circumference);E401;unit;10;;;;;Lagaay;;;;;;;;;;;;;;;;;;;;;;;;;;;;
Medical supplies;Other;POC Hemoglobin;E402;unit;2;;;;;Lagaay;;;;;;;;;;;;;;;;;;;;;;;;;;;;
Medical supplies;Other;POC Hemoglobin testing strips;E403;box (50 each);2;;;;;Lagaay;;;;;;;;;;;;;;;;;;;;;;;;;;;;
Medical supplies;Other;POC Glucometer;E404;1 glucometer;1;;;;;Lagaay;;;;;;;;;;;;;;;;;;;;;;;;;;;;
Medical supplies;Other;Lancets;E405;lancet;300;;;;;Lagaay;;;;;;;;;;;;;;;;;;;;;;;;;;;;
Medical supplies;Other;POC Glucose testing strips;E406;strip;300;;;;;Lagaay;;;;;;;;;;;;;;;;;;;;;;;;;;;;
Medical supplies;Other;Broselow-Luten Tape;E407;tape;4;;;;;Lagaay;;;;;;;;;;;;;;;;;;;;;;;;;;;;
Medical supplies;Other;Hand-Held Suction;E408;suction;1;;;;;Lagaay;;;;;;;;;;;;;;;;;;;;;;;;;;;;
Medical supplies;Other;Hand-Held Suction Catheter;E409;catheter;5;;;;;Lagaay;;;;;;;;;;;;;;;;;;;;;;;;;;;;
Medical supplies;Other;Hand-Held Replacement cartridge;E410;cartridge;2;;;;;Lagaay;;;;;;;;;;;;;;;;;;;;;;;;;;;;
Medical supplies;Other;Adapter kit (4 per kit);E411;kit;2;;;;;Lagaay;;;;;;;;;;;;;;;;;;;;;;;;;;;;
Medical supplies;Other;Pulse Oximetry Adult;E412; ;2;;;;;Lagaay;;;;;;;;;;;;;;;;;;;;;;;;;;;;
Medical supplies;Other;Pulse Oximetry Pediatric;E413; ;2;;;;;Lagaay;;;;;;;;;;;;;;;;;;;;;;;;;;;;
Medical supplies;Other;Trauma Shears;E414;shear;4;;;;;Lagaay;;;;;;;;;;;;;;;;;;;;;;;;;;;;
Medical supplies;Other;Timer (for lab management);E415;timer;1;;;;;Lagaay;;;;;;;;;;;;;;;;;;;;;;;;;;;;
Medical supplies;Lab services;Glucometer;E416;unit;2;;;;;Lagaay;;;;;;;;;;;;;;;;;;;;;;;;;;;;
Medical supplies;Lab services;Glucometer Strips;E417;bottles;3;;;;;Lagaay;;;;;;;;;;;;;;;;;;;;;;;;;;;;
Medical supplies;Lab services;Reagents;E418;bottles;2;;;;;Lagaay;;;;;;;;;;;;;;;;;;;;;;;;;;;;
Medical supplies;Lab services;Urine Dipstick;E419;bottles;3;;;;;Lagaay;;;;;;;;;;;;;;;;;;;;;;;;;;;;
Medical supplies;Lab services;Urine Collection Cups;E420;cups;30;;;;;Lagaay;;;;;;;;;;;;;;;;;;;;;;;;;;;;
Medical supplies;Lab services;Urine Pregnancy Test Kits;E421;units;15;;;;;Lagaay;;;;;;;;;;;;;;;;;;;;;;;;;;;;
Medical supplies;Lab services;Hemoglobin  meter;E422;unit;2;;;;;Lagaay;;;;;;;;;;;;;;;;;;;;;;;;;;;;
Medical supplies;Lab services;Hemoglobin tests strips;E423;bottles;3;;;;;Lagaay;;;;;;;;;;;;;;;;;;;;;;;;;;;;
Medical supplies;Lab services;Malaria RDT Test Strips;E424;bottles;2;;;;;Lagaay;;;;;;;;;;;;;;;;;;;;;;;;;;;;
Medical supplies;Lab services;Capillary Tubes;E425;bottles;2;;;;;Lagaay;;;;;;;;;;;;;;;;;;;;;;;;;;;;
Medical supplies;Lab services;Lancets;E426;boxes;3;;;;;Lagaay;;;;;;;;;;;;;;;;;;;;;;;;;;;;
Medical supplies;Lab services;Chucks;E427;packs;2;;;;;Lagaay;;;;;;;;;;;;;;;;;;;;;;;;;;;;
Medical supplies;Lab services;Gloves;E428;S,M,L,XL;2 each;;;;;Lagaay;;;;;;;;;;;;;;;;;;;;;;;;;;;;
Medical supplies;Lab services;Sharps Container;E429;unit;2;;;;;Lagaay;;;;;;;;;;;;;;;;;;;;;;;;;;;;
Medical supplies;OB / Gyn;Hb meter;E430;unit;2;;;;;Lagaay;;;;;;;;;;;;;;;;;;;;;;;;;;;;
Medical supplies;OB / Gyn;Saturation meter;E431;unit;2;;;;;Lagaay;;;;;;;;;;;;;;;;;;;;;;;;;;;;
Medical supplies;OB / Gyn;Bakri baloon;E432;unit;2;;;;;Lagaay;;;;;;;;;;;;;;;;;;;;;;;;;;;;
Medication;OB / Gyn;Amoxicillin 250mg;E433;tablet;600;;;;;Lagaay;;;yes;;;;;;;;;;;;;;;;;;;;;;;;;
Medication;OB / Gyn;Doxycycline, 100mg;E434;tablet;200;;;;;Lagaay;;;yes;;;;;;;;;;;;;;;;;;;;;;;;;
Medication;OB / Gyn;Metronidazole, 500mg;E435;tablet;300;;;;;Lagaay;;;yes;;;;;;;;;;;;;;;;;;;;;;;;;
Medication;OB / Gyn;Amoxicillin/Clauvlante Potassium, 250mg;E436;tablet;300;;;;;Lagaay;;;yes;;;;;;;;;;;;;;;;;;;;;;;;;
Medication;OB / Gyn;Azithromycin, 250mg;E437;tablet;60;;;;;Lagaay;;;yes;;;;;;;;;;;;;;;;;;;;;;;;;
Medication;OB / Gyn;Cephalexin, 500mg;E438;capsules;500;;;;;Lagaay;;;yes;;;;;;;;;;;;;;;;;;;;;;;;;
Medication;OB / Gyn;Ciprofloxacin, 500mg;E439;tablet;200;;;;;Lagaay;;;yes;;;;;;;;;;;;;;;;;;;;;;;;;
Medication;OB / Gyn;Nitrofuraton, 100mg;E440;tablet;100;;;;;Lagaay;;;yes;;;;;;;;;;;;;;;;;;;;;;;;;
Medication;OB / Gyn;Clindamycin, 150mg;E441;tablet;60;;;;;Lagaay;;;yes;;;;;;;;;;;;;;;;;;;;;;;;;
Medication;OB / Gyn;Mupirocin 2% ointment;E442;tube;10;;;;;Lagaay;;;yes;;;;;;;;;;;;;;;;;;;;;;;;;
Medication;ANTIBIOTICS IV/IM;Penicillin G potassium, injection 2.4 mil IU/vial;E443;vial;10;;;;;Lagaay;;;yes;;;;;;;;;;;;;;;;;;;;;;;;;
Medication;ANTIBIOTICS IV/IM;Ceftriaxone, injection 1g/vial;E444;vial;20;;;;;Lagaay;;;yes;;;;;;;;;;;;;;;;;;;;;;;;;
Medication;ANTIBIOTICS IV/IM;Cefazolin, injection 1g;E445;vial;10;;;;;Lagaay;;;yes;;;;;;;;;;;;;;;;;;;;;;;;;
Medication;ANTIBIOTICS IV/IM;Ciprofloxacin 400mg/200ml bag;E446;bag;5;;;;;Lagaay;;;yes;;;;;;;;;;;;;;;;;;;;;;;;;
Medication;ANTIBIOTICS IV/IM;Ampicillin Na (powder) 500mg;E447;vial;5;;;;;Lagaay;;;yes;;;;;;;;;;;;;;;;;;;;;;;;;
Medication;ANTIBIOTICS IV/IM;Metronidazole, 500mg/100ml bag;E448;bag;5;;;;;Lagaay;;;yes;;;;;;;;;;;;;;;;;;;;;;;;;
Medication;ANTIVIRALS;Acyclovir, 200mg;E449;tablet;280;;;;;Lagaay;;;yes;;;;;;;;;;;;;;;;;;;;;;;;;
Medication;ANTI-PARASITIC MEDS;Albendazole, 400mg;E450;tablet;100;;;;;Lagaay;;;yes;;;;;;;;;;;;;;;;;;;;;;;;;
Medication;ANTI-FUNGALS;Miconazole cream 2%;E451;30g tubes;20;;;;;Lagaay;;;yes;;;;;;;;;;;;;;;;;;;;;;;;;
Medication;ANTI-FUNGALS;Clotrimazole cream, 1%;E452;30g tubes;10;;;;;Lagaay;;;yes;;;;;;;;;;;;;;;;;;;;;;;;;
Medication;ANTI-FUNGALS;Fluconazole, 150mg;E453;tablet;25;;;;;Lagaay;;;yes;;;;;;;;;;;;;;;;;;;;;;;;;
Medication;SCABIES/LICE;Benzyl Benzoate lotion 25%;E454;bottle, 1 L;5;;;;;Lagaay;;;yes;;;;;;;;;;;;;;;;;;;;;;;;;
Medication;SCABIES/LICE;Permethrin, 5% cream;E455;30g tubes;20;;;;;Lagaay;;;yes;;;;;;;;;;;;;;;;;;;;;;;;;
Medication;ANALGESICS/TOPICAL ANESTHETICS;Ibuprofen, 400mg;E456;tablet;1000;;;;;Lagaay;;;yes;;;;;;;;;;;;;;;;;;;;;;;;;
Medication;ANALGESICS/TOPICAL ANESTHETICS;Acetaminophen, 500mg;E457;tablet;1000;;;;;Lagaay;;;yes;;;;;;;;;;;;;;;;;;;;;;;;;
Medication;ANALGESICS/TOPICAL ANESTHETICS;Lidocaine, injection 2%;E458;20/ml/vial;20;;;;;Lagaay;;;yes;;;;;;;;;;;;;;;;;;;;;;;;;
Medication;ANALGESICS/TOPICAL ANESTHETICS;Lidocaine 1% with epi;E459;20ml/vial;20;;;;;Lagaay;;;yes;;;;;;;;;;;;;;;;;;;;;;;;;
Medication;ANALGESICS/TOPICAL ANESTHETICS;Bupivicaine 0.5%;E460;30ml/vial;10;;;;;Lagaay;;;yes;;;;;;;;;;;;;;;;;;;;;;;;;
Medication;ANALGESICS/TOPICAL ANESTHETICS;LET, topical;E461;bottle;20;;;;;Lagaay;;;yes;;;;;;;;;;;;;;;;;;;;;;;;;
Medication;ANALGESICS/TOPICAL ANESTHETICS;Aspirin, 81mg;E462;tablet;200;;;;;Lagaay;;;yes;;;;;;;;;;;;;;;;;;;;;;;;;
Medication;ACLS/CRITICAL CARE;Atropine, injection 8mg/20ml;E463;20ml/vial;3;;;;;Lagaay;;;yes;;;;;;;;;;;;;;;;;;;;;;;;;
Medication;ACLS/CRITICAL CARE;Epinephrine 1:10,000;E464;vial;3;;;;;Lagaay;;;yes;;;;;;;;;;;;;;;;;;;;;;;;;
Medication;ACLS/CRITICAL CARE;Bicarbonate 1 amp;E465;vial;4;;;;;Lagaay;;;yes;;;;;;;;;;;;;;;;;;;;;;;;;
Medication;ACLS/CRITICAL CARE;Lidocaine hydrochloride 20mg/5ml;E466;vial;5;;;;;Lagaay;;;yes;;;;;;;;;;;;;;;;;;;;;;;;;
Medication;ACLS/CRITICAL CARE;Epipen, adult;E467;Injection;4;;;;;Lagaay;;;yes;;;;;;;;;;;;;;;;;;;;;;;;;
Medication;ACLS/CRITICAL CARE;Epipen, pediatric;E468;Injection;4;;;;;Lagaay;;;yes;;;;;;;;;;;;;;;;;;;;;;;;;
Medication;ACLS/CRITICAL CARE;Insta glucose;E469;tube;20;;;;;Lagaay;;;yes;;;;;;;;;;;;;;;;;;;;;;;;;
Medication;ACLS/CRITICAL CARE;Dextrose 50%, injection;E470;ampule;10;;;;;Lagaay;;;yes;;;;;;;;;;;;;;;;;;;;;;;;;
Medication;ACLS/CRITICAL CARE;Calcium Chloride;E471;ampule;4;;;;;Lagaay;;;yes;;;;;;;;;;;;;;;;;;;;;;;;;
Medication;ALLERGY;Famotidine, 20mg;E472;tablet;100;;;;;Lagaay;;;yes;;;;;;;;;;;;;;;;;;;;;;;;;
Medication;ALLERGY;Hydrocortisone, powder for injection 100mg;E473;vial;10;;;;;Lagaay;;;yes;;;;;;;;;;;;;;;;;;;;;;;;;
Medication;ALLERGY;Dexamethasone sodium phosphate inj, 4mg;E474;vial;20;;;;;Lagaay;;;yes;;;;;;;;;;;;;;;;;;;;;;;;;
Medication;ALLERGY;Diphenydramine liquid 12.5mg/5ml;E475;bottle;10;;;;;Lagaay;;;yes;;;;;;;;;;;;;;;;;;;;;;;;;
Medication;ALLERGY;Diphenydramine 25mg tablet;E476;tablet;100;;;;;Lagaay;;;yes;;;;;;;;;;;;;;;;;;;;;;;;;
Medication;ALLERGY;Diphenydramine HCl injection 50mg mini set;E477;injection;10;;;;;Lagaay;;;yes;;;;;;;;;;;;;;;;;;;;;;;;;
Medication;ALLERGY;Prednisone, 20mg tab;E478;tablet;100;;;;;Lagaay;;;yes;;;;;;;;;;;;;;;;;;;;;;;;;
Medication;ALLERGY;Prednisone, 10mg tab;E479;tablet;100;;;;;Lagaay;;;yes;;;;;;;;;;;;;;;;;;;;;;;;;
Medication;RESPIRATORY;Albuterol, MDI inhaler;E480;MDI inhaler;20;;;;;Lagaay;;;yes;;;;;;;;;;;;;;;;;;;;;;;;;
Medication;CARDIOVASCULAR;Labetalol, 100mg;E481;tablet;100;;;;;Lagaay;;;yes;;;;;;;;;;;;;;;;;;;;;;;;;
Medication;CARDIOVASCULAR;Hydralazine, powder for injection, 20 mg;E482;ampule;5;;;;;Lagaay;;;yes;;;;;;;;;;;;;;;;;;;;;;;;;
Medication;CARDIOVASCULAR;Furosemide, injection 10mg/ml;E483;2 ml/ampule;10;;;;;Lagaay;;;yes;;;;;;;;;;;;;;;;;;;;;;;;;
Medication;CARDIOVASCULAR;Hydrochlorothiazide, 25mg;E484;tablet;100;;;;;Lagaay;;;yes;;;;;;;;;;;;;;;;;;;;;;;;;
Medication;CARDIOVASCULAR;Methyldopa;E485;;;;;;;Lagaay;;;yes;;;;;;;;;;;;;;;;;;;;;;;;;
Medication;CARDIOVASCULAR;Nifedipine;E486;;;;;;;Lagaay;;;yes;;;;;;;;;;;;;;;;;;;;;;;;;
Medication;DERMATOLOGY;Silver sulfadiazine, cream 1%;E487;tube, 50g;5;;;;;Lagaay;;;yes;;;;;;;;;;;;;;;;;;;;;;;;;
Medication;DERMATOLOGY;Hydrocortisone, cream 1%;E488;tube, 50g;5;;;;;Lagaay;;;yes;;;;;;;;;;;;;;;;;;;;;;;;;
Medication;Gi ;Aluminium hydroxide/magnesium hydroxide 225mg/200mg/5ml;E489;bottle;5;;;;;Lagaay;;;yes;;;;;;;;;;;;;;;;;;;;;;;;;
Medication;Gi ;Promethazine, 25mg;E490;tablet;50;;;;;Lagaay;;;yes;;;;;;;;;;;;;;;;;;;;;;;;;
Medication;Gi ;Ondansetron, 4mg ODT;E491;tablet;50;;;;;Lagaay;;;yes;;;;;;;;;;;;;;;;;;;;;;;;;
Medication;Gi ;Metoclopramide IV 10mg vial;E492;vial;5;;;;;Lagaay;;;yes;;;;;;;;;;;;;;;;;;;;;;;;;
Medication;Gi ;Calcium carbonate liquid;E493;bottle;5;;;;;Lagaay;;;yes;;;;;;;;;;;;;;;;;;;;;;;;;
Medication;Gi ;Loperamide 2mg;E494;tablet;25;;;;;Lagaay;;;yes;;;;;;;;;;;;;;;;;;;;;;;;;
Medication;IVF;Lactated Ringers;E495;500ml bag;20;;;;;Lagaay;;;yes;;;;;;;;;;;;;;;;;;;;;;;;;
Medication;IVF;Normal Saline;E496;500ml bag;20;;;;;Lagaay;;;yes;;;;;;;;;;;;;;;;;;;;;;;;;
Medication;IVF;D5/Half Normal Saine;E497;500ml bag;15;;;;;Lagaay;;;yes;;;;;;;;;;;;;;;;;;;;;;;;;
Medication;IVF;Ferrous Sulfate IV;E498;;;;;;;Lagaay;;;yes;;;;;;;;;;;;;;;;;;;;;;;;;
Medication;ELECTROLYTES/HYDRATION;ORS (oral rehydration salts);E499;sachet for 1L;50;;;;;Lagaay;;;yes;;;;;;;;;;;;;;;;;;;;;;;;;
Medication;ELECTROLYTES/HYDRATION;Zinc Sulfate, 20mg;E500;tablet;150;;;;;Lagaay;;;yes;;;;;;;;;;;;;;;;;;;;;;;;;
Medication;ELECTROLYTES/HYDRATION;Magnesium sulfate, injection 500 mg/ml;E501;10 ml/ampule;10;;;;;Lagaay;;;yes;;;;;;;;;;;;;;;;;;;;;;;;;
Medication;ELECTROLYTES/HYDRATION;Calcium gluconate, injection 100 mg/ml;E502;10 ml/ampule;5;;;;;Lagaay;;;yes;;;;;;;;;;;;;;;;;;;;;;;;;
Medication;ELECTROLYTES/HYDRATION;Vitamin A, 200,000 IU;E503;capsule;200;;;;;Lagaay;;;yes;;;;;;;;;;;;;;;;;;;;;;;;;
Medication;CONTROLLED SUBSTANCES;Ketamine, injection 100mg/ml;E504;5ml/vial;5;;;;;Lagaay;;;yes;;;;;;;;;;;;;;;;;;;;;;;;;
Medication;CONTROLLED SUBSTANCES;Morphine, injection 10mg/ml;E505;1ml/ampule;20;;;;;Lagaay;;;yes;;;;;;;;;;;;;;;;;;;;;;;;;
Medication;CONTROLLED SUBSTANCES;Midazolam, 2mg/ml;E506;2mg/ampule;20;;;;;Lagaay;;;yes;;;;;;;;;;;;;;;;;;;;;;;;;
Medication;CONTROLLED SUBSTANCES;Haloperidol, injections 5mg/ml;E507;1 ml/ampule;10;;;;;Lagaay;;;yes;;;;;;;;;;;;;;;;;;;;;;;;;
Medication;CONTROLLED SUBSTANCES;Diazepam;E508;;;;;;;Lagaay;;;yes;;;;;;;;;;;;;;;;;;;;;;;;;
Medication;PEDS;Amoxicillin 200mg/5ml liquid;E509;100ml/bottle;40;;;;;Lagaay;;;yes;;;;;;;;;;;;;;;;;;;;;;;;;
Medication;PEDS;Azithromycin 200mg/5ml liquid;E510;100ml/bottle;5;;;;;Lagaay;;;yes;;;;;;;;;;;;;;;;;;;;;;;;;
Medication;PEDS;Clindamycin 75mg/5ml liquid;E511;100ml/bottle;10;;;;;Lagaay;;;yes;;;;;;;;;;;;;;;;;;;;;;;;;
Medication;PEDS;Cephalexin 250mg/5ml liquid;E512;100ml/bottle;10;;;;;Lagaay;;;yes;;;;;;;;;;;;;;;;;;;;;;;;;
Medication;PEDS;Ibuprofen 40mg/ml liquid;E513;100ml/bottle;15;;;;;Lagaay;;;yes;;;;;;;;;;;;;;;;;;;;;;;;;
Medication;PEDS;Acetaminophen 100mg/ml liquid;E514;100ml/bottle;10;;;;;Lagaay;;;yes;;;;;;;;;;;;;;;;;;;;;;;;;
Medication;PEDS;Prednisolone 15mg/5ml;E515;240ml/bottle;6;;;;;Lagaay;;;yes;;;;;;;;;;;;;;;;;;;;;;;;;
Medication;OTHER;Tranexamic Acid (TXA) 1g/ampule;E516;1g/ampule;4;;;;;Lagaay;;;yes;;;;;;;;;;;;;;;;;;;;;;;;;
Medication;OTHER;Naloxone, injection 0.4 mg/ml;E517;1 ml/ampule;3;;;;;Lagaay;;;yes;;;;;;;;;;;;;;;;;;;;;;;;;
Medication;OTHER;Bacitracin ointment packet;E518;packet;20;;;;;Lagaay;;;yes;;;;;;;;;;;;;;;;;;;;;;;;;
Medication;OTHER;Haloperidol, injections 5mg/ml;E519;1 ml/ampule;10;;;;;Lagaay;;;yes;;;;;;;;;;;;;;;;;;;;;;;;;
Medication;Vaccines;Tetanus;E520;doses;200;;;;;Lagaay;;;yes;;;;;;;;;;;;;;;;;;;;;;;;;
Medication;OPTHO/HEENT;Tetracycline, eye ointment 1%;E521;tube, 3g;10;;;;;Lagaay;;;yes;;;;;;;;;;;;;;;;;;;;;;;;;
Medication;OPTHO/HEENT;Ciprofloxacin ophthalmic 0.3%;E522;2.5ml bottle;5;;;;;Lagaay;;;yes;;;;;;;;;;;;;;;;;;;;;;;;;
Medication;OPTHO/HEENT;Hydrocortisone/neomycin/polymyxin B;E523;2.5 ml bottle;10;;;;;Lagaay;;;yes;;;;;;;;;;;;;;;;;;;;;;;;;
Medication;OPTHO/HEENT;Flourescein;E524;strips;10;;;;;Lagaay;;;yes;;;;;;;;;;;;;;;;;;;;;;;;;
Medication;OPTHO/HEENT;Erythromycin Opthalmic Ointment;E525;tube, 3g;10;;;;;Lagaay;;;yes;;;;;;;;;;;;;;;;;;;;;;;;;
Medication;OPTHO/HEENT;Artificial tears;E526;10ml bottle;10;;;;;Lagaay;;;yes;;;;;;;;;;;;;;;;;;;;;;;;;
Medication;OPTHO/HEENT;Oxymetazoline;E527;15ml bottle;5;;;;;Lagaay;;;yes;;;;;;;;;;;;;;;;;;;;;;;;;
Medication;REPRODUCTIVE HEALTH;Oxytocin, injection, 10 IU/ml;E528;10ml/vial;5;;;;;Lagaay;;;yes;;;;;;;;;;;;;;;;;;;;;;;;;
Medication;REPRODUCTIVE HEALTH;Misoprostol,  ???;E529;???;???;;;;;Lagaay;;;yes;;;;;;;;;;;;;;;;;;;;;;;;;
Medication;REPRODUCTIVE HEALTH;Ferrous Sulfate, 325mg;E530;tablet;250;;;;;Lagaay;;;yes;;;;;;;;;;;;;;;;;;;;;;;;;
Medication;REPRODUCTIVE HEALTH;Folic Acid, 600mcg;E531;tablet;250;;;;;Lagaay;;;yes;;;;;;;;;;;;;;;;;;;;;;;;;
Medication;REPRODUCTIVE HEALTH;Diazepam ;E532;;;;;;;Lagaay;;;yes;;;;;;;;;;;;;;;;;;;;;;;;;
Medication;REPRODUCTIVE HEALTH;Cyclokapron;E533;;;;;;;Lagaay;;;yes;;;;;;;;;;;;;;;;;;;;;;;;;
